IID,load_N,cage.pen,feed,breed,group,weight,comb_mass
37,149,CAGE,SLU-kontroll,Bovans,2122,2.066,23.19
38,172,CAGE,SLU-kontroll,Bovans,2122,1.661,20.8
39,143,CAGE,SLU-försök,LSL,2123,1.807,16.37
40,104,CAGE,SLU-försök,LSL,2123,1.981,25.66
42,102,CAGE,SLU-försök,Bovans,2124,1.534,29.14
43,128,CAGE,SLU-kontroll,Bovans,2125,1.683,23.76
44,172,CAGE,SLU-kontroll,Bovans,2125,2.218,38.7
45,151,CAGE,SLU-försök,LSL,2126,1.4,21.6
48,146,CAGE,SLU-försök,Bovans,2127,1.9,23.76
49,137,CAGE,SLU-försök,LSL,2201,1.695,32
50,162,CAGE,SLU-försök,LSL,2201,1.942,28.46
51,143,CAGE,SLU-försök,Bovans,2202,2.154,39.23
52,111,CAGE,SLU-försök,Bovans,2202,1.814,28.41
53,151,CAGE,SLU-försök,LSL,2203,1.956,17.56
54,265,CAGE,SLU-försök,LSL,2203,2.204,32.59
55,186,CAGE,SLU-försök,LSL,2204,1.755,20.6
56,149,CAGE,SLU-försök,LSL,2204,1.562,21.08
57,233,CAGE,SLU-försök,Bovans,2205,2.334,29.4
58,136,CAGE,SLU-försök,Bovans,2205,1.901,16.41
59,144,CAGE,SLU-försök,LSL,2206,2.176,24.12
60,107,CAGE,SLU-försök,LSL,2206,1.904,23.57
61,172,CAGE,SLU-försök,LSL,2207,1.726,14.3
63,151,CAGE,SLU-försök,Bovans,2208,2.018,33.81
64,125,CAGE,SLU-försök,Bovans,2208,1.983,17.3
65,185,CAGE,SLU-försök,LSL,2209,1.787,35.22
66,158,CAGE,SLU-försök,LSL,2209,1.841,19.47
67,234,CAGE,SLU-försök,LSL,2210,1.919,19.53
68,160,CAGE,SLU-försök,LSL,2210,2.141,27.07
69,116,CAGE,SLU-försök,Bovans,2211,1.713,30.9
70,139,CAGE,SLU-försök,Bovans,2211,2.217,26.79
73,167,CAGE,SLU-kontroll,LSL,2216,2.156,13.81
74,157,CAGE,SLU-kontroll,LSL,2216,1.754,30.45
75,NA,CAGE,SLU-kontroll,Bovans,2217,2.185,46.16
76,106,CAGE,SLU-kontroll,Bovans,2217,1.743,15.89
77,148,CAGE,SLU-kontroll,LSL,2218,1.991,29.35
79,192,CAGE,SLU-kontroll,LSL,2219,2.106,30.51
80,145,CAGE,SLU-kontroll,LSL,2219,1.677,17.1
81,206,CAGE,SLU-kontroll,Bovans,2220,2.044,29.83
82,216,CAGE,SLU-kontroll,Bovans,2220,1.834,19.67
83,149,CAGE,SLU-kontroll,LSL,2221,2.023,19.99
84,143,CAGE,SLU-kontroll,LSL,2221,2.064,16.05
86,278,CAGE,SLU-kontroll,LSL,2222,2.066,31.63
87,128,CAGE,SLU-kontroll,Bovans,2223,1.846,19.35
88,159,CAGE,SLU-kontroll,Bovans,2223,1.821,23.94
89,134,CAGE,SLU-kontroll,LSL,2224,1.801,22.22
90,139,CAGE,SLU-kontroll,LSL,2224,1.893,26.4
92,253,CAGE,SLU-kontroll,LSL,2225,1.869,21.36
93,175,CAGE,SLU-kontroll,Bovans,2226,1.849,25.1
95,186,CAGE,SLU-kontroll,LSL,2227,2.214,19.31
96,138,CAGE,SLU-kontroll,LSL,2227,1.938,18.72
97,131,CAGE,SLU-kontroll,Bovans,2301,1.95,30.12
98,155,CAGE,SLU-kontroll,Bovans,2301,1.87,21.78
101,127,CAGE,SLU-kontroll,Bovans,2303,1.883,29.17
102,220,CAGE,SLU-kontroll,Bovans,2303,1.899,31.98
104,148,CAGE,SLU-kontroll,Bovans,2304,1.831,30.61
105,170,CAGE,SLU-försök,LSL,2305,2.33,32.24
106,148,CAGE,SLU-försök,LSL,2305,2.066,19.63
107,186,CAGE,SLU-kontroll,Bovans,2306,2.295,19.72
108,148,CAGE,SLU-kontroll,Bovans,2306,1.739,26.49
109,191,CAGE,SLU-kontroll,Bovans,2307,2.051,16.92
110,141,CAGE,SLU-kontroll,Bovans,2307,1.772,38.58
111,145,CAGE,SLU-försök,LSL,2308,1.899,24.35
112,146,CAGE,SLU-försök,LSL,2308,2.084,33.09
113,219,CAGE,SLU-kontroll,Bovans,2309,2.108,20.41
114,148,CAGE,SLU-kontroll,Bovans,2309,2.26,21.2
115,144,CAGE,SLU-kontroll,Bovans,2310,2.102,22.77
116,148,CAGE,SLU-kontroll,Bovans,2310,2.086,20.31
118,240,CAGE,SLU-försök,LSL,2311,1.838,18.2
120,141,CAGE,SLU-kontroll,Bovans,2312,2.03,24.29
121,121,CAGE,SLU-försök,Bovans,2316,1.526,11.77
122,172,CAGE,SLU-försök,Bovans,2316,1.988,25.39
123,146,CAGE,SLU-kontroll,LSL,2317,1.934,27.12
124,123,CAGE,SLU-kontroll,LSL,2317,1.671,28.31
125,148,CAGE,SLU-försök,Bovans,2318,1.67,25.69
127,138,CAGE,SLU-försök,Bovans,2319,1.955,23.57
128,166,CAGE,SLU-försök,Bovans,2319,1.96,24.41
129,93,CAGE,SLU-kontroll,LSL,2320,1.769,20.2
131,131,CAGE,SLU-försök,Bovans,2321,1.916,22.37
132,141,CAGE,SLU-försök,Bovans,2321,2.096,25.85
133,116,CAGE,SLU-försök,Bovans,2322,1.811,25.45
136,154,CAGE,SLU-kontroll,LSL,2323,1.932,22.02
137,212,CAGE,SLU-försök,Bovans,2324,2.038,26.38
138,143,CAGE,SLU-försök,Bovans,2324,1.568,33.2
139,185,CAGE,SLU-försök,Bovans,2325,1.979,27.73
142,153,CAGE,SLU-kontroll,LSL,2326,1.825,27.48
144,140,CAGE,SLU-försök,Bovans,2327,1.942,27.88
145,127,CAGE,SLU-kontroll,LSL,2401,1.727,29.15
146,162,CAGE,SLU-kontroll,LSL,2401,1.813,24.4
147,187,CAGE,SLU-kontroll,Bovans,2402,2.153,18.25
148,126,CAGE,SLU-kontroll,Bovans,2402,1.901,19.81
149,121,CAGE,SLU-försök,LSL,2403,1.713,36.78
150,101,CAGE,SLU-försök,LSL,2403,1.734,26.81
152,180,CAGE,SLU-kontroll,LSL,2404,1.96,20.69
154,185,CAGE,SLU-kontroll,Bovans,2405,2.22,33.12
155,126,CAGE,SLU-försök,LSL,2406,1.679,18.77
156,200,CAGE,SLU-försök,LSL,2406,1.911,21.43
157,153,CAGE,SLU-kontroll,LSL,2407,1.951,22.89
158,168,CAGE,SLU-kontroll,LSL,2407,1.959,21.22
160,204,CAGE,SLU-kontroll,Bovans,2408,1.752,22.83
166,202,CAGE,SLU-kontroll,Bovans,2411,1.921,28.4
167,142,CAGE,SLU-försök,LSL,2412,1.777,20.48
168,157,CAGE,SLU-försök,LSL,2412,1.819,30.22
170,NA,CAGE,SLU-försök,LSL,2416,1.567,19
172,105,CAGE,SLU-försök,Bovans,2417,1.67,17.72
173,178,CAGE,SLU-kontroll,LSL,2418,2.202,15.18
174,148,CAGE,SLU-kontroll,LSL,2418,1.734,16.2
175,173,CAGE,SLU-försök,LSL,2419,1.526,18.36
176,228,CAGE,SLU-försök,LSL,2419,1.841,18.86
177,183,CAGE,SLU-försök,Bovans,2420,1.674,18.33
184,151,CAGE,SLU-försök,Bovans,2423,2.21,24.71
185,173,CAGE,SLU-kontroll,LSL,2424,1.712,27.23
186,164,CAGE,SLU-kontroll,LSL,2424,1.897,34.28
189,152,CAGE,SLU-försök,Bovans,2426,1.942,21.72
191,161,CAGE,SLU-kontroll,LSL,2427,1.784,21.21
192,149,CAGE,SLU-kontroll,LSL,2427,1.91,47.17
194,148,CAGE,SLU-kontroll,Bovans,2501,2.255,25.42
196,199,CAGE,SLU-kontroll,LSL,2502,2.142,25.38
198,135,CAGE,SLU-kontroll,Bovans,2503,2.088,29.62
199,107,CAGE,SLU-kontroll,Bovans,2504,1.739,21.4
200,168,CAGE,SLU-kontroll,Bovans,2504,1.732,23.1
201,144,CAGE,SLU-kontroll,LSL,2505,1.913,20.44
202,105,CAGE,SLU-kontroll,LSL,2505,1.97,21.13
203,73,CAGE,SLU-kontroll,Bovans,2506,1.508,20.65
204,137,CAGE,SLU-kontroll,Bovans,2506,2.021,33.8
205,156,CAGE,SLU-kontroll,Bovans,2507,1.704,26.17
207,159,CAGE,SLU-kontroll,LSL,2508,2.114,22.83
208,171,CAGE,SLU-kontroll,LSL,2508,1.812,29.13
209,155,CAGE,SLU-kontroll,Bovans,2509,1.995,25.38
211,107,CAGE,SLU-kontroll,Bovans,2510,1.786,22.88
215,157,CAGE,SLU-kontroll,Bovans,2512,1.916,32.61
216,181,CAGE,SLU-kontroll,Bovans,2512,1.869,24.41
219,109,CAGE,SLU-försök,LSL,2517,1.665,24.63
220,152,CAGE,SLU-försök,LSL,2517,1.59,19.45
223,120,CAGE,SLU-försök,Bovans,2519,1.806,27.6
225,140,CAGE,SLU-försök,LSL,2520,1.479,21.27
226,201,CAGE,SLU-försök,LSL,2520,1.671,23.95
227,122,CAGE,SLU-försök,Bovans,2521,1.901,27.99
228,132,CAGE,SLU-försök,Bovans,2521,1.874,23.9
229,148,CAGE,SLU-försök,Bovans,2522,2.111,21.2
231,109,CAGE,SLU-försök,LSL,2523,1.744,19.19
233,154,CAGE,SLU-försök,Bovans,2524,2.134,15.69
234,123,CAGE,SLU-försök,Bovans,2524,2.077,23.18
235,131,CAGE,SLU-försök,Bovans,2525,1.771,32.42
238,111,CAGE,SLU-försök,LSL,2526,1.663,24.78
239,189,CAGE,SLU-försök,Bovans,2527,1.742,26.22
240,131,CAGE,SLU-försök,Bovans,2527,2.011,20.7
242,153,CAGE,SLU-försök,LSL,2601,2.037,32.38
243,110,CAGE,SLU-försök,Bovans,2602,1.813,16.53
244,176,CAGE,SLU-försök,Bovans,2602,1.767,25.68
246,131,CAGE,SLU-kontroll,LSL,2603,1.641,24.64
247,113,CAGE,SLU-försök,LSL,2604,1.715,17.88
248,138,CAGE,SLU-försök,LSL,2604,1.743,21.07
249,209,CAGE,SLU-försök,Bovans,2605,1.813,20.28
250,117,CAGE,SLU-försök,Bovans,2605,1.769,22.59
251,188,CAGE,SLU-kontroll,LSL,2606,2.228,24.17
252,146,CAGE,SLU-kontroll,LSL,2606,1.903,26.36
253,161,CAGE,SLU-försök,LSL,2607,1.779,24.36
254,NA,CAGE,SLU-försök,LSL,2607,1.975,23.16
255,155,CAGE,SLU-försök,Bovans,2608,1.834,22.38
256,134,CAGE,SLU-försök,Bovans,2608,2.058,33.15
257,155,CAGE,SLU-kontroll,LSL,2609,2.013,28.3
260,131,CAGE,SLU-försök,LSL,2610,1.781,18.64
261,174,CAGE,SLU-försök,Bovans,2611,2.224,31.45
262,142,CAGE,SLU-försök,Bovans,2611,1.914,22.35
263,125,CAGE,SLU-kontroll,LSL,2612,1.842,20.77
264,175,CAGE,SLU-kontroll,LSL,2612,2.011,30.43
265,134,CAGE,SLU-kontroll,LSL,2616,2.197,17.21
267,160,CAGE,SLU-kontroll,Bovans,2617,1.445,24.82
268,219,CAGE,SLU-kontroll,Bovans,2617,1.89,39.14
269,194,CAGE,SLU-försök,LSL,2618,2.096,11.72
274,204,CAGE,SLU-kontroll,Bovans,2620,2.086,21.5
275,146,CAGE,SLU-försök,LSL,2621,1.835,28.44
276,166,CAGE,SLU-försök,LSL,2621,1.734,21.9
277,101,CAGE,SLU-kontroll,LSL,2622,1.809,24.35
278,178,CAGE,SLU-kontroll,LSL,2622,1.913,21.5
279,201,CAGE,SLU-kontroll,Bovans,2623,1.795,14.83
281,140,CAGE,SLU-försök,LSL,2624,1.68,22.57
282,113,CAGE,SLU-försök,LSL,2624,1.754,19.94
283,221,CAGE,SLU-kontroll,LSL,2625,2.297,36.86
286,121,CAGE,SLU-kontroll,Bovans,2626,1.868,25.9
289,113,CAGE,SLU-kontroll,Bovans,2103,1.674,16.1
290,220,CAGE,SLU-kontroll,Bovans,2103,1.609,26.96
291,144,CAGE,SLU-försök,LSL,2117,2.025,25.11
292,147,CAGE,SLU-försök,Bovans,2124,1.956,27.7
293,121,CAGE,SLU-försök,LSL,2126,1.628,22.8
294,152,CAGE,SLU-försök,Bovans,2127,1.953,26.85
295,141,CAGE,SLU-försök,LSL,2207,1.8,18.31
297,154,CAGE,SLU-försök,LSL,2212,1.854,19.97
299,155,CAGE,SLU-kontroll,LSL,2222,1.813,24.17
300,114,CAGE,SLU-kontroll,Bovans,2226,1.744,27.9
301,104,CAGE,SLU-försök,LSL,2302,1.509,25.47
303,149,CAGE,SLU-kontroll,Bovans,2304,2.067,26.73
304,148,CAGE,SLU-försök,LSL,2311,1.794,27.57
307,163,CAGE,SLU-kontroll,LSL,2320,2.009,29.51
309,150,CAGE,SLU-kontroll,LSL,2323,2.102,23.45
310,169,CAGE,SLU-försök,Bovans,2325,2.066,40.17
311,181,CAGE,SLU-kontroll,LSL,2326,1.999,17.2
312,121,CAGE,SLU-försök,Bovans,2327,2.022,29.05
313,145,CAGE,SLU-kontroll,LSL,2404,2.059,31.86
314,137,CAGE,SLU-kontroll,Bovans,2405,1.766,12.89
315,165,CAGE,SLU-kontroll,Bovans,2408,1.883,14.77
316,159,CAGE,SLU-kontroll,Bovans,2411,2.153,30.44
317,133,CAGE,SLU-försök,LSL,2416,1.647,19.16
318,131,CAGE,SLU-försök,Bovans,2420,1.61,22
319,133,CAGE,SLU-kontroll,LSL,2421,1.67,29.78
320,94,CAGE,SLU-kontroll,LSL,2421,1.798,31.41
321,177,CAGE,SLU-försök,LSL,2422,1.767,17.32
322,157,CAGE,SLU-försök,Bovans,2423,1.985,27.45
323,150,CAGE,SLU-försök,LSL,2425,1.986,22.99
324,134,CAGE,SLU-försök,LSL,2425,1.991,32.19
325,122,CAGE,SLU-försök,Bovans,2426,1.971,23.28
326,137,CAGE,SLU-kontroll,Bovans,2507,1.903,27.68
327,166,CAGE,SLU-kontroll,Bovans,2509,1.828,28.11
328,120,CAGE,SLU-kontroll,Bovans,2510,1.7,32.61
330,127,CAGE,SLU-kontroll,LSL,2511,1.887,19.85
331,129,CAGE,SLU-försök,Bovans,2516,1.796,29.51
332,162,CAGE,SLU-försök,Bovans,2516,1.751,25.35
333,107,CAGE,SLU-försök,Bovans,2518,1.699,24.04
334,109,CAGE,SLU-försök,Bovans,2519,1.987,33.1
335,136,CAGE,SLU-försök,Bovans,2522,1.945,30.49
336,132,CAGE,SLU-försök,LSL,2523,1.762,25.85
337,124,CAGE,SLU-försök,Bovans,2525,1.792,19.99
339,151,CAGE,SLU-försök,LSL,2601,1.566,21.06
341,162,CAGE,SLU-kontroll,LSL,2609,1.813,23.2
343,135,CAGE,SLU-försök,LSL,2618,1.659,29.37
344,158,CAGE,SLU-kontroll,LSL,2619,1.799,24.84
345,148,CAGE,SLU-kontroll,Bovans,2620,1.659,32.69
346,147,CAGE,SLU-kontroll,Bovans,2623,2.023,27.58
349,205,CAGE,SLU-försök,LSL,2627,2.191,25.87
350,258,CAGE,SLU-kontroll,LSL,2619,1.445,24.14
351,100,CAGE,SLU-försök,LSL,2627,1.689,18.03
352,180,CAGE,SLU-kontroll,LSL,2511,1.907,20.74
354,148,CAGE,SLU-kontroll,LSL,2603,1.747,31.73
356,181,CAGE,SLU-kontroll,LSL,2625,2.213,35.98
357,218,CAGE,SLU-försök,Bovans,2113,1.814,23.9
358,171,CAGE,SLU-försök,Bovans,2113,2.048,34.93
359,142,CAGE,SLU-kontroll,LSL,2114,2.135,24.8
360,136,CAGE,SLU-kontroll,LSL,2114,1.818,25.72
361,130,CAGE,SLU-kontroll,Bovans,2115,1.838,25.68
362,129,CAGE,SLU-kontroll,Bovans,2115,1.842,22.72
363,120,CAGE,SLU-kontroll,Bovans,2128,1.962,32.79
365,160,CAGE,SLU-försök,LSL,2129,1.943,17.99
366,117,CAGE,SLU-försök,LSL,2129,1.814,20.66
367,87,CAGE,SLU-försök,Bovans,2130,1.907,17.83
368,109,CAGE,SLU-försök,Bovans,2130,1.814,22.58
369,160,CAGE,SLU-försök,LSL,2213,1.928,27.5
370,216,CAGE,SLU-försök,LSL,2213,1.902,33.79
371,110,CAGE,SLU-försök,Bovans,2214,1.891,27.01
373,166,CAGE,SLU-försök,LSL,2215,1.967,31.83
374,130,CAGE,SLU-försök,LSL,2215,1.556,16.35
375,105,CAGE,SLU-kontroll,LSL,2228,1.838,26.57
377,139,CAGE,SLU-kontroll,Bovans,2229,1.961,34.83
378,146,CAGE,SLU-kontroll,Bovans,2229,1.778,25.58
381,117,CAGE,SLU-kontroll,Bovans,2313,1.94,32.27
382,134,CAGE,SLU-kontroll,Bovans,2313,1.814,25.57
383,141,CAGE,SLU-försök,LSL,2314,2.077,26.1
384,131,CAGE,SLU-försök,LSL,2314,1.5,24.63
385,116,CAGE,SLU-kontroll,Bovans,2315,1.464,21.88
386,130,CAGE,SLU-kontroll,Bovans,2315,1.895,26.34
387,138,CAGE,SLU-försök,Bovans,2328,1.729,29.19
389,110,CAGE,SLU-kontroll,LSL,2329,2.023,26.52
390,174,CAGE,SLU-kontroll,LSL,2329,1.629,34
391,176,CAGE,SLU-försök,Bovans,2330,2.16,24.68
392,162,CAGE,SLU-försök,Bovans,2330,2.249,31.89
393,221,CAGE,SLU-kontroll,LSL,2413,1.788,27.38
395,134,CAGE,SLU-kontroll,Bovans,2414,2.051,19.01
398,125,CAGE,SLU-försök,LSL,2415,1.477,21.66
399,134,CAGE,SLU-försök,Bovans,2429,1.73,26.93
400,103,CAGE,SLU-försök,LSL,2428,1.446,19.86
401,138,CAGE,SLU-försök,LSL,2428,1.897,25.97
402,150,CAGE,SLU-försök,Bovans,2429,2.016,37.23
405,145,CAGE,SLU-kontroll,Bovans,2513,1.874,23.22
407,164,CAGE,SLU-kontroll,LSL,2514,2.317,20.66
408,124,CAGE,SLU-kontroll,LSL,2514,1.79,16.78
409,136,CAGE,SLU-kontroll,Bovans,2515,1.937,27.98
412,106,CAGE,SLU-försök,Bovans,2528,1.773,20.79
413,154,CAGE,SLU-försök,LSL,2529,2.047,21.75
414,181,CAGE,SLU-försök,LSL,2529,2.089,25.06
416,NA,CAGE,SLU-försök,Bovans,2530,1.894,35.16
417,149,CAGE,SLU-försök,LSL,2613,1.722,23.68
418,127,CAGE,SLU-försök,LSL,2613,1.569,21.34
421,171,CAGE,SLU-kontroll,LSL,2615,2.072,17.96
422,128,CAGE,SLU-kontroll,LSL,2615,2.069,17.93
423,136,CAGE,SLU-kontroll,LSL,2628,1.671,19.57
424,147,CAGE,SLU-kontroll,Bovans,2629,1.784,35.84
425,142,CAGE,SLU-försök,LSL,2630,1.977,21.99
426,131,CAGE,SLU-kontroll,LSL,2628,1.798,23.95
438,157,CAGE,SLU-försök,LSL,2117,1.889,18.68
439,145,CAGE,SLU-försök,Bovans,2118,1.777,28.99
440,102,CAGE,SLU-försök,Bovans,2118,1.819,22.91
445,156,CAGE,SLU-försök,LSL,2203,2.051,31.19
506,201,CAGE,SLU-försök,Bovans,2322,1.921,35.94
509,178,CAGE,SLU-kontroll,LSL,2625,1.987,36.96
510,91,CAGE,SLU-kontroll,LSL,2511,1.645,14.26
511,157,CAGE,SLU-kontroll,LSL,2625,2.099,24.12
514,154,CAGE,SLU-kontroll,Bovans,2626,2.216,29.92
517,NA,CAGE,SLU-kontroll,Bovans,2128,2.165,29.14
518,141,CAGE,SLU-försök,Bovans,2214,2.019,23.74
521,177,CAGE,SLU-kontroll,LSL,2413,2.012,28.84
522,NA,CAGE,SLU-kontroll,Bovans,2414,1.769,27.59
523,93,CAGE,SLU-kontroll,LSL,2228,1.711,19.16
524,136,CAGE,SLU-kontroll,LSL,2230,2.046,19.86
525,90,CAGE,SLU-kontroll,LSL,2430,1.866,13.93
526,144,CAGE,SLU-kontroll,LSL,2430,1.981,16.05
531,140,CAGE,SLU-försök,Bovans,2530,2.023,28.33
533,193,CAGE,SLU-kontroll,Bovans,2513,1.679,29.49
534,NA,CAGE,SLU-försök,Bovans,2614,1.754,17.96
536,143,CAGE,SLU-försök,Bovans,2528,1.748,21.03
537,140,CAGE,SLU-kontroll,Bovans,2629,2.06,32.35
539,NA,CAGE,SLU-försök,Bovans,2101,1.728,30.41
540,126,CAGE,SLU-försök,Bovans,2101,1.79,32.09
542,174,CAGE,SLU-kontroll,LSL,2102,1.71,28.91
544,130,CAGE,SLU-kontroll,LSL,2102,1.966,32.48
545,164,CAGE,SLU-kontroll,Bovans,2106,2.236,17
546,149,CAGE,SLU-kontroll,Bovans,2106,1.886,28.52
547,NA,CAGE,SLU-kontroll,Bovans,2116,1.756,17.53
548,NA,CAGE,SLU-kontroll,Bovans,2116,2.34,16.48
549,151,CAGE,SLU-försök,LSL,2117,2.041,24.03
554,103,CAGE,SLU-försök,LSL,2201,1.79,24.68
555,117,CAGE,SLU-kontroll,Bovans,2217,1.96,27.8
557,113,CAGE,SLU-kontroll,Bovans,2217,1.975,26.43
558,127,CAGE,SLU-försök,LSL,2203,1.863,16.29
560,94,CAGE,SLU-försök,Bovans,2107,2.134,33.91
562,137,CAGE,SLU-kontroll,Bovans,2109,1.96,32.8
563,122,CAGE,SLU-försök,Bovans,2107,1.966,24.6
567,147,CAGE,SLU-kontroll,Bovans,2122,1.691,24.84
568,196,CAGE,SLU-kontroll,Bovans,2122,2.103,24.52
569,100,CAGE,SLU-kontroll,Bovans,2109,1.915,25.32
570,102,CAGE,SLU-kontroll,LSL,2108,1.667,18.96
572,114,CAGE,SLU-försök,Bovans,2124,1.647,21.35
573,126,CAGE,SLU-försök,LSL,2123,1.645,22.14
574,139,CAGE,SLU-försök,LSL,2123,1.903,28.72
575,140,CAGE,SLU-försök,Bovans,2124,1.69,23
576,155,CAGE,SLU-kontroll,LSL,2105,1.793,22.5
577,130,CAGE,SLU-försök,Bovans,2208,2.184,24.97
578,143,CAGE,SLU-försök,Bovans,2208,1.797,31.47
579,167,CAGE,SLU-försök,LSL,2209,1.754,19.66
580,117,CAGE,SLU-försök,LSL,2209,1.677,21.41
581,166,CAGE,SLU-försök,LSL,2207,2.056,18.07
582,167,CAGE,SLU-försök,LSL,2207,2.117,19.01
585,167,CAGE,SLU-kontroll,LSL,2222,1.882,16.43
586,221,CAGE,SLU-kontroll,Bovans,2223,2.433,24.9
587,164,CAGE,SLU-kontroll,Bovans,2223,2.128,21.76
588,136,CAGE,SLU-kontroll,LSL,2224,2.322,30.52
590,97,CAGE,SLU-kontroll,Bovans,2307,1.912,31.44
592,153,CAGE,SLU-försök,LSL,2308,2.067,18.39
593,140,CAGE,SLU-försök,LSL,2308,1.708,32.66
596,154,CAGE,SLU-kontroll,LSL,2224,1.784,14.44
598,158,CAGE,SLU-kontroll,Bovans,2309,1.921,31.23
599,135,CAGE,SLU-kontroll,Bovans,2309,1.895,28.68
600,178,CAGE,SLU-försök,Bovans,2322,2.188,21.2
601,164,CAGE,SLU-försök,Bovans,2322,1.985,23.91
603,147,CAGE,SLU-försök,Bovans,2322,2.139,29.8
605,137,CAGE,SLU-kontroll,LSL,2323,1.87,31.37
608,145,CAGE,SLU-försök,Bovans,2324,1.904,26.86
609,115,CAGE,SLU-försök,Bovans,2324,1.751,34.69
610,124,CAGE,SLU-kontroll,LSL,2407,1.955,21.99
611,183,CAGE,SLU-kontroll,LSL,2407,2.038,23.88
612,123,CAGE,SLU-kontroll,LSL,2323,1.757,31.2
613,127,CAGE,SLU-kontroll,LSL,2323,1.483,22.5
614,181,CAGE,SLU-kontroll,Bovans,2408,1.753,28.45
615,167,CAGE,SLU-kontroll,Bovans,2408,1.855,29.45
616,154,CAGE,SLU-försök,LSL,2409,2.025,20.14
617,157,CAGE,SLU-försök,LSL,2409,1.883,21.38
618,155,CAGE,SLU-kontroll,Bovans,2304,1.803,25.38
621,106,CAGE,SLU-försök,Bovans,2423,2.049,22.1
622,154,CAGE,SLU-försök,Bovans,2423,1.896,22.84
623,159,CAGE,SLU-försök,LSL,2422,1.705,24.33
624,141,CAGE,SLU-försök,LSL,2422,1.854,14.32
625,156,CAGE,SLU-försök,LSL,2422,1.96,27.37
626,145,CAGE,SLU-kontroll,LSL,2424,2.305,33.06
628,177,CAGE,SLU-kontroll,Bovans,2507,2.324,24.36
629,158,CAGE,SLU-kontroll,Bovans,2507,2.092,24.16
630,154,CAGE,SLU-kontroll,LSL,2508,1.85,13.61
631,116,CAGE,SLU-kontroll,LSL,2508,1.977,27.03
632,153,CAGE,SLU-kontroll,Bovans,2509,2.192,24.8
633,130,CAGE,SLU-kontroll,Bovans,2509,1.837,18.81
634,113,CAGE,SLU-försök,Bovans,2522,1.751,20.6
636,153,CAGE,SLU-försök,LSL,2523,1.826,27.71
637,157,CAGE,SLU-försök,LSL,2523,1.732,19.29
639,103,CAGE,SLU-försök,Bovans,2524,1.803,17.15
643,189,CAGE,SLU-försök,LSL,2607,2.009,22.26
644,116,CAGE,SLU-försök,Bovans,2524,1.778,36.7
645,130,CAGE,SLU-försök,Bovans,2608,1.979,23.52
646,133,CAGE,SLU-försök,Bovans,2608,1.701,18.89
647,155,CAGE,SLU-kontroll,LSL,2609,2.319,23.31
649,NA,CAGE,SLU-kontroll,LSL,2622,1.778,28.94
650,156,CAGE,SLU-kontroll,LSL,2622,1.961,12.3
652,164,CAGE,SLU-kontroll,Bovans,2623,2.184,30.7
653,189,CAGE,SLU-försök,LSL,2624,1.821,21.85
655,120,CAGE,SLU-försök,Bovans,2519,1.649,35.4
656,168,CAGE,SLU-försök,Bovans,2519,2.143,27.9
658,187,CAGE,SLU-försök,LSL,2607,2.759,37.95
660,143,CAGE,SLU-kontroll,Bovans,2623,2.108,14.21
661,198,CAGE,SLU-kontroll,LSL,2606,1.896,23.99
1003,195,PEN,SLU-försök,LSL,1001,1.781,12.75
1004,204,PEN,SLU-försök,LSL,1001,1.79,18.76
1006,195,PEN,SLU-försök,LSL,1001,1.822,33.51
1007,256,PEN,SLU-försök,LSL,1001,1.756,11.88
1008,204,PEN,SLU-försök,LSL,1001,1.771,24.81
1009,303,PEN,SLU-försök,LSL,1001,1.763,23.46
1010,240,PEN,SLU-försök,LSL,1001,1.973,18.14
1011,200,PEN,SLU-försök,LSL,1001,2.034,28.18
1012,247,PEN,SLU-försök,LSL,1001,1.873,13.81
1013,243,PEN,SLU-försök,LSL,1001,1.872,25.54
1014,259,PEN,SLU-försök,LSL,1001,1.767,10.21
1015,209,PEN,SLU-försök,LSL,1001,1.965,30.28
1016,244,PEN,SLU-försök,LSL,1001,1.749,20.52
1017,191,PEN,SLU-försök,LSL,1001,1.721,18.65
1019,191,PEN,SLU-försök,LSL,1001,1.742,18.96
1020,153,PEN,SLU-försök,LSL,1001,1.705,13.35
1022,149,PEN,SLU-försök,Bovans,1002,1.388,16.75
1023,176,PEN,SLU-försök,Bovans,1002,1.952,10.25
1026,214,PEN,SLU-försök,Bovans,1002,2.015,30.96
1027,189,PEN,SLU-försök,Bovans,1002,1.707,24.92
1030,186,PEN,SLU-försök,Bovans,1002,1.617,24.33
1032,325,PEN,SLU-försök,Bovans,1002,1.729,19.42
1033,204,PEN,SLU-försök,Bovans,1002,1.825,19.16
1035,289,PEN,SLU-försök,Bovans,1002,2.124,26.88
1037,170,PEN,SLU-försök,Bovans,1002,2.065,14.42
1042,244,PEN,SLU-kontroll,Bovans,1003,2.118,19.9
1044,234,PEN,SLU-kontroll,Bovans,1003,1.947,13.42
1045,250,PEN,SLU-kontroll,Bovans,1003,1.979,21.84
1046,209,PEN,SLU-kontroll,Bovans,1003,1.928,21.6
1047,211,PEN,SLU-kontroll,Bovans,1003,2.133,23.35
1048,181,PEN,SLU-kontroll,Bovans,1003,2.03,22.83
1049,173,PEN,SLU-kontroll,Bovans,1003,1.853,21.6
1050,227,PEN,SLU-kontroll,Bovans,1003,1.858,16.37
1052,268,PEN,SLU-kontroll,Bovans,1003,2.025,19.16
1054,168,PEN,SLU-kontroll,Bovans,1003,1.781,19.98
1055,220,PEN,SLU-kontroll,Bovans,1003,2.166,16.92
1056,178,PEN,SLU-kontroll,Bovans,1003,1.556,25.96
1059,206,PEN,SLU-kontroll,Bovans,1003,1.889,20.7
1061,178,PEN,SLU-kontroll,LSL,1004,2.093,26.8
1062,239,PEN,SLU-kontroll,LSL,1004,2.067,16.66
1063,197,PEN,SLU-kontroll,LSL,1004,1.992,20.64
1065,201,PEN,SLU-kontroll,LSL,1004,1.719,19.35
1066,190,PEN,SLU-kontroll,LSL,1004,1.757,15.76
1067,170,PEN,SLU-kontroll,LSL,1004,1.762,19.37
1069,148,PEN,SLU-kontroll,LSL,1004,1.941,17.46
1070,292,PEN,SLU-kontroll,LSL,1004,1.921,13.53
1071,172,PEN,SLU-kontroll,LSL,1004,1.824,17.06
1072,241,PEN,SLU-kontroll,LSL,1004,1.92,19.47
1073,200,PEN,SLU-kontroll,LSL,1004,1.843,14.33
1074,234,PEN,SLU-kontroll,LSL,1004,1.9,17.81
1076,260,PEN,SLU-kontroll,LSL,1004,1.996,17.54
1079,212,PEN,SLU-kontroll,LSL,1004,1.819,17.5
1080,148,PEN,SLU-kontroll,LSL,1004,1.578,12.56
1082,242,PEN,SLU-försök,LSL,1005,1.955,17.77
1083,187,PEN,SLU-försök,LSL,1005,1.845,12.65
1084,304,PEN,SLU-försök,LSL,1005,2.286,17.1
1085,149,PEN,SLU-försök,LSL,1005,1.73,15.28
1086,160,PEN,SLU-försök,LSL,1005,1.649,23.66
1087,230,PEN,SLU-försök,LSL,1005,1.998,14.43
1088,270,PEN,SLU-försök,LSL,1005,2.346,29.53
1089,282,PEN,SLU-försök,LSL,1005,1.735,24.27
1090,229,PEN,SLU-försök,LSL,1005,1.71,15.32
1091,163,PEN,SLU-försök,LSL,1005,1.611,15.03
1093,216,PEN,SLU-försök,LSL,1005,1.917,22.45
1095,259,PEN,SLU-försök,LSL,1005,2.326,22
1101,181,PEN,SLU-försök,Bovans,1006,2.157,19.64
1102,144,PEN,SLU-försök,Bovans,1006,1.95,19.17
1104,NA,PEN,SLU-försök,Bovans,1006,1.982,14.84
1105,172,PEN,SLU-försök,Bovans,1006,1.827,21.48
1109,NA,PEN,SLU-försök,Bovans,1006,1.84,20.78
1110,262,PEN,SLU-försök,Bovans,1006,2.209,20.16
1115,421,PEN,SLU-försök,Bovans,1006,2.057,16.55
1116,203,PEN,SLU-försök,Bovans,1006,2.004,15.49
1117,190,PEN,SLU-försök,Bovans,1006,1.847,11.73
1118,117,PEN,SLU-försök,Bovans,1006,1.933,17.39
1120,205,PEN,SLU-försök,Bovans,1006,1.832,12.23
1122,186,PEN,SLU-försök,LSL,1007,1.683,24.1
1123,152,PEN,SLU-försök,LSL,1007,1.918,24.12
1124,136,PEN,SLU-försök,LSL,1007,1.577,22.17
1125,251,PEN,SLU-försök,LSL,1007,2.231,14.19
1126,201,PEN,SLU-försök,LSL,1007,1.809,23.87
1129,183,PEN,SLU-försök,LSL,1007,1.887,13.73
1132,191,PEN,SLU-försök,LSL,1007,1.955,17.76
1135,185,PEN,SLU-försök,LSL,1007,1.88,17.69
1138,173,PEN,SLU-försök,LSL,1007,1.848,23.89
1139,216,PEN,SLU-försök,LSL,1007,1.969,19.33
1141,205,PEN,SLU-kontroll,LSL,1008,1.639,19.17
1142,151,PEN,SLU-kontroll,LSL,1008,1.706,16.04
1143,198,PEN,SLU-kontroll,LSL,1008,1.839,16.7
1146,268,PEN,SLU-kontroll,LSL,1008,1.881,11.5
1147,252,PEN,SLU-kontroll,LSL,1008,1.73,21.39
1148,218,PEN,SLU-kontroll,LSL,1008,1.869,20.65
1150,179,PEN,SLU-kontroll,LSL,1008,1.699,14.31
1151,256,PEN,SLU-kontroll,LSL,1008,1.7,29.02
1152,252,PEN,SLU-kontroll,LSL,1008,2.143,28.39
1153,161,PEN,SLU-kontroll,LSL,1008,1.749,19.13
1156,239,PEN,SLU-kontroll,LSL,1008,2.098,16.34
1159,200,PEN,SLU-kontroll,LSL,1008,2.037,32.68
1160,282,PEN,SLU-kontroll,LSL,1008,1.854,31.86
1162,186,PEN,SLU-kontroll,Bovans,1009,1.858,22.86
1163,206,PEN,SLU-kontroll,Bovans,1009,1.649,16.98
1164,171,PEN,SLU-kontroll,Bovans,1009,1.843,20.77
1165,207,PEN,SLU-kontroll,Bovans,1009,2.181,18.62
1167,220,PEN,SLU-kontroll,Bovans,1009,2.197,23.13
1168,226,PEN,SLU-kontroll,Bovans,1009,1.896,14.9
1169,252,PEN,SLU-kontroll,Bovans,1009,2.009,26.72
1170,174,PEN,SLU-kontroll,Bovans,1009,1.754,29.53
1171,166,PEN,SLU-kontroll,Bovans,1009,2.053,16.5
1172,195,PEN,SLU-kontroll,Bovans,1009,1.79,17.43
1174,240,PEN,SLU-kontroll,Bovans,1009,1.74,30.96
1175,185,PEN,SLU-kontroll,Bovans,1009,1.807,28.16
1178,133,PEN,SLU-kontroll,Bovans,1009,1.773,13.46
1179,208,PEN,SLU-kontroll,Bovans,1009,1.912,19.29
1180,171,PEN,SLU-kontroll,Bovans,1009,2.05,29.64
1181,195,PEN,SLU-kontroll,LSL,1010,1.855,15.17
1183,323,PEN,SLU-kontroll,LSL,1010,2.056,15.02
1185,225,PEN,SLU-kontroll,LSL,1010,2.493,10.4
1188,236,PEN,SLU-kontroll,LSL,1010,1.835,11.08
1189,140,PEN,SLU-kontroll,LSL,1010,1.869,12.8
1191,281,PEN,SLU-kontroll,LSL,1010,2.163,15.43
1192,174,PEN,SLU-kontroll,LSL,1010,1.789,16.12
1193,193,PEN,SLU-kontroll,LSL,1010,1.933,17.17
1194,182,PEN,SLU-kontroll,LSL,1010,1.948,9.58
1195,349,PEN,SLU-kontroll,LSL,1010,2.029,19.48
1196,179,PEN,SLU-kontroll,LSL,1010,1.788,26.7
1197,201,PEN,SLU-kontroll,LSL,1010,1.785,13.84
1200,208,PEN,SLU-kontroll,LSL,1010,1.813,17.88
1201,317,PEN,SLU-försök,LSL,1011,1.598,23.71
1202,220,PEN,SLU-försök,LSL,1011,1.616,14.35
1203,203,PEN,SLU-försök,LSL,1011,1.692,19.3
1204,273,PEN,SLU-försök,LSL,1011,1.786,26.57
1206,198,PEN,SLU-försök,LSL,1011,1.825,16.76
1208,193,PEN,SLU-försök,LSL,1011,1.536,15.99
1209,277,PEN,SLU-försök,LSL,1011,1.951,30.32
1211,317,PEN,SLU-försök,LSL,1011,2.071,9.55
1213,206,PEN,SLU-försök,LSL,1011,1.738,27.7
1214,213,PEN,SLU-försök,LSL,1011,1.682,21.07
1216,344,PEN,SLU-försök,LSL,1011,1.758,19.67
1217,306,PEN,SLU-försök,LSL,1011,2.03,13.72
1220,217,PEN,SLU-försök,LSL,1011,2.094,19.38
1222,202,PEN,SLU-kontroll,Bovans,1012,1.691,17
1223,192,PEN,SLU-kontroll,Bovans,1012,1.92,21.32
1224,151,PEN,SLU-kontroll,Bovans,1012,1.738,20.38
1225,227,PEN,SLU-kontroll,Bovans,1012,2.175,33.39
1226,142,PEN,SLU-kontroll,Bovans,1012,1.764,17.16
1230,163,PEN,SLU-kontroll,Bovans,1012,1.794,18.91
1231,245,PEN,SLU-kontroll,Bovans,1012,1.821,14.42
1232,315,PEN,SLU-kontroll,Bovans,1012,2.108,29.12
1234,271,PEN,SLU-kontroll,Bovans,1012,2.019,25.05
1235,320,PEN,SLU-kontroll,Bovans,1012,1.798,13.79
1236,197,PEN,SLU-kontroll,Bovans,1012,1.9,21.22
1237,136,PEN,SLU-kontroll,Bovans,1012,1.658,18.41
1238,NA,PEN,SLU-kontroll,Bovans,1012,1.788,20.61
1242,140,PEN,SLU-försök,Bovans,1013,1.9,26.79
1244,137,PEN,SLU-försök,Bovans,1013,1.769,23.03
1245,251,PEN,SLU-försök,Bovans,1013,1.927,24.45
1246,255,PEN,SLU-försök,Bovans,1013,1.867,26.37
1247,185,PEN,SLU-försök,Bovans,1013,2.169,20.01
1248,202,PEN,SLU-försök,Bovans,1013,1.95,10.54
1249,195,PEN,SLU-försök,Bovans,1013,2.01,21.68
1250,198,PEN,SLU-försök,Bovans,1013,1.655,14.08
1251,288,PEN,SLU-försök,Bovans,1013,2.065,16.77
1252,157,PEN,SLU-försök,Bovans,1013,1.792,18.08
1254,206,PEN,SLU-försök,Bovans,1013,1.858,15.36
1256,293,PEN,SLU-försök,Bovans,1013,1.772,20.88
1257,242,PEN,SLU-försök,Bovans,1013,2.089,18.07
1258,181,PEN,SLU-försök,Bovans,1013,1.949,22
1260,226,PEN,SLU-försök,Bovans,1013,1.887,22.12
1261,215,PEN,SLU-kontroll,Bovans,1014,1.906,20.04
1263,140,PEN,SLU-kontroll,Bovans,1014,1.982,21.06
1264,193,PEN,SLU-kontroll,Bovans,1014,1.919,21.31
1265,201,PEN,SLU-kontroll,Bovans,1014,1.977,22.74
1267,184,PEN,SLU-kontroll,Bovans,1014,1.741,24.89
1270,134,PEN,SLU-kontroll,Bovans,1014,1.703,20.31
1271,269,PEN,SLU-kontroll,Bovans,1014,2.073,15.8
1273,143,PEN,SLU-kontroll,Bovans,1014,1.498,15.49
1274,187,PEN,SLU-kontroll,Bovans,1014,1.807,18.47
1275,165,PEN,SLU-kontroll,Bovans,1014,1.709,17.66
1278,253,PEN,SLU-kontroll,Bovans,1014,1.87,15.49
1281,173,PEN,SLU-försök,LSL,1015,1.724,17.35
1282,175,PEN,SLU-försök,LSL,1015,1.785,25.9
1283,156,PEN,SLU-försök,LSL,1015,1.873,12.02
1286,172,PEN,SLU-försök,LSL,1015,1.841,17.49
1287,177,PEN,SLU-försök,LSL,1015,1.636,30.87
1290,205,PEN,SLU-försök,LSL,1015,1.874,23.52
1291,141,PEN,SLU-försök,LSL,1015,1.73,10.47
1293,245,PEN,SLU-försök,LSL,1015,1.731,10.65
1294,218,PEN,SLU-försök,LSL,1015,1.878,20.02
1296,153,PEN,SLU-försök,LSL,1015,1.778,16.6
1299,160,PEN,SLU-försök,LSL,1015,1.642,16.45
1300,210,PEN,SLU-försök,LSL,1015,1.698,17.55
1301,182,PEN,SLU-försök,Bovans,1016,2.18,31.86
1303,176,PEN,SLU-försök,Bovans,1016,2.184,22.71
1305,138,PEN,SLU-försök,Bovans,1016,1.712,8.98
1306,214,PEN,SLU-försök,Bovans,1016,1.884,15.22
1307,179,PEN,SLU-försök,Bovans,1016,2.235,24.41
1310,255,PEN,SLU-försök,Bovans,1016,1.754,18.03
1311,168,PEN,SLU-försök,Bovans,1016,1.702,10.95
1314,256,PEN,SLU-försök,Bovans,1016,2.51,28.13
1315,214,PEN,SLU-försök,Bovans,1016,1.723,17.45
1316,262,PEN,SLU-försök,Bovans,1016,1.642,27.89
1317,177,PEN,SLU-försök,Bovans,1016,1.714,17.85
1318,243,PEN,SLU-försök,Bovans,1016,1.979,7.59
1319,251,PEN,SLU-försök,Bovans,1016,1.961,17.22
1321,137,PEN,SLU-kontroll,LSL,1017,1.646,11.72
1324,195,PEN,SLU-kontroll,LSL,1017,1.753,17.81
1325,185,PEN,SLU-kontroll,LSL,1017,1.736,12.58
1326,238,PEN,SLU-kontroll,LSL,1017,2.413,21.58
1327,171,PEN,SLU-kontroll,LSL,1017,1.827,11.79
1330,230,PEN,SLU-kontroll,LSL,1017,2.393,55.33
1332,179,PEN,SLU-kontroll,LSL,1017,1.71,16.82
1334,133,PEN,SLU-kontroll,LSL,1017,1.871,13.41
1336,203,PEN,SLU-kontroll,LSL,1017,2.096,15.76
1337,190,PEN,SLU-kontroll,LSL,1017,2.082,33.76
1341,211,PEN,SLU-kontroll,Bovans,1018,2.596,15.45
1342,182,PEN,SLU-kontroll,Bovans,1018,1.881,35.46
1344,156,PEN,SLU-kontroll,Bovans,1018,1.977,19.61
1345,179,PEN,SLU-kontroll,Bovans,1018,1.908,22.22
1346,162,PEN,SLU-kontroll,Bovans,1018,1.767,17.67
1347,234,PEN,SLU-kontroll,Bovans,1018,2.266,17.03
1348,210,PEN,SLU-kontroll,Bovans,1018,1.741,14.97
1349,256,PEN,SLU-kontroll,Bovans,1018,1.8,21.41
1354,208,PEN,SLU-kontroll,Bovans,1018,1.937,23.74
1355,211,PEN,SLU-kontroll,Bovans,1018,2.013,22.32
1356,337,PEN,SLU-kontroll,Bovans,1018,1.916,15.69
1360,369,PEN,SLU-kontroll,Bovans,1018,1.921,21.19
1366,217,PEN,SLU-försök,LSL,1001,1.872,21.57
1370,219,PEN,SLU-försök,LSL,1001,1.882,26.32
1371,188,PEN,SLU-försök,LSL,1001,1.876,22.52
1372,202,PEN,SLU-försök,LSL,1001,1.59,22.23
1373,214,PEN,SLU-försök,Bovans,1002,1.794,22.36
1374,204,PEN,SLU-försök,Bovans,1002,1.547,18.69
1375,315,PEN,SLU-försök,Bovans,1002,1.918,9.44
1379,NA,PEN,SLU-försök,Bovans,1002,2.189,20.29
1381,200,PEN,SLU-försök,Bovans,1002,2.27,25.16
1382,154,PEN,SLU-försök,Bovans,1002,1.751,21.44
1386,183,PEN,SLU-försök,Bovans,1002,1.557,14.88
1387,NA,PEN,SLU-försök,Bovans,1002,2.199,25.97
1389,149,PEN,SLU-kontroll,Bovans,1003,1.746,19.62
1390,225,PEN,SLU-kontroll,Bovans,1003,1.58,11.34
1391,372,PEN,SLU-kontroll,Bovans,1003,2.08,16.15
1393,159,PEN,SLU-kontroll,Bovans,1003,1.848,19.54
1394,192,PEN,SLU-kontroll,Bovans,1003,1.933,28.65
1397,183,PEN,SLU-kontroll,Bovans,1003,1.973,20.37
1398,234,PEN,SLU-kontroll,Bovans,1003,1.955,36.3
1399,188,PEN,SLU-kontroll,Bovans,1003,1.93,28.8
1400,181,PEN,SLU-kontroll,Bovans,1003,1.728,19.65
1401,172,PEN,SLU-kontroll,Bovans,1003,2.071,25.7
1402,221,PEN,SLU-kontroll,Bovans,1003,1.937,20.85
1403,128,PEN,SLU-kontroll,LSL,1004,1.521,10.74
1405,179,PEN,SLU-kontroll,LSL,1004,1.987,20.19
1406,163,PEN,SLU-kontroll,LSL,1004,2.115,17.97
1407,220,PEN,SLU-kontroll,LSL,1004,1.844,15.86
1410,196,PEN,SLU-kontroll,LSL,1004,1.95,29.39
1411,222,PEN,SLU-kontroll,LSL,1004,1.872,18.12
1415,203,PEN,SLU-försök,LSL,1005,1.952,18.35
1416,185,PEN,SLU-försök,LSL,1005,1.969,18.65
1418,176,PEN,SLU-försök,LSL,1005,1.981,16.08
1419,195,PEN,SLU-försök,LSL,1005,1.526,16.58
1420,167,PEN,SLU-försök,LSL,1005,2.079,24.81
1421,183,PEN,SLU-försök,LSL,1005,1.941,20.08
1422,160,PEN,SLU-försök,LSL,1005,1.729,17.1
1423,239,PEN,SLU-försök,LSL,1005,1.886,24.34
1424,204,PEN,SLU-försök,LSL,1005,2.001,25.26
1425,201,PEN,SLU-försök,LSL,1005,1.677,21.95
1427,186,PEN,SLU-försök,Bovans,1006,1.716,21.88
1428,203,PEN,SLU-försök,Bovans,1006,1.708,18.74
1431,190,PEN,SLU-försök,Bovans,1006,1.7,14.89
1433,169,PEN,SLU-försök,Bovans,1006,1.564,17.48
1434,357,PEN,SLU-försök,Bovans,1006,2.078,12.2
1435,349,PEN,SLU-försök,Bovans,1006,1.901,28.19
1438,196,PEN,SLU-försök,Bovans,1006,1.909,30.43
1439,187,PEN,SLU-försök,Bovans,1006,1.728,24.31
1440,181,PEN,SLU-försök,Bovans,1006,1.622,19.22
1443,225,PEN,SLU-försök,LSL,1007,1.877,28.21
1444,192,PEN,SLU-försök,LSL,1007,1.874,28.51
1445,181,PEN,SLU-försök,LSL,1007,1.729,21.29
1446,199,PEN,SLU-försök,LSL,1007,1.814,24.46
1447,221,PEN,SLU-försök,LSL,1007,1.675,19.02
1448,179,PEN,SLU-försök,LSL,1007,1.799,22.29
1451,203,PEN,SLU-försök,LSL,1007,1.802,29.07
1452,227,PEN,SLU-försök,LSL,1007,1.898,16.71
1453,194,PEN,SLU-försök,LSL,1007,1.967,23.56
1454,197,PEN,SLU-försök,LSL,1007,1.749,17.12
1456,202,PEN,SLU-försök,LSL,1007,1.702,29.14
1459,324,PEN,SLU-kontroll,LSL,1008,1.72,16.99
1460,260,PEN,SLU-kontroll,LSL,1008,1.857,20.8
1461,270,PEN,SLU-kontroll,LSL,1008,2.155,15.38
1462,222,PEN,SLU-kontroll,LSL,1008,1.65,22.81
1463,197,PEN,SLU-kontroll,LSL,1008,1.997,23.8
1466,182,PEN,SLU-kontroll,LSL,1008,1.866,20
1467,218,PEN,SLU-kontroll,LSL,1008,1.955,15.74
1468,176,PEN,SLU-kontroll,LSL,1008,1.862,19.36
1469,134,PEN,SLU-kontroll,LSL,1008,1.74,14.43
1471,152,PEN,SLU-kontroll,LSL,1008,1.633,24.04
1473,142,PEN,SLU-kontroll,LSL,1008,1.589,11.81
1474,257,PEN,SLU-kontroll,Bovans,1009,2.023,23.76
1476,213,PEN,SLU-kontroll,Bovans,1009,1.913,19.82
1477,188,PEN,SLU-kontroll,Bovans,1009,1.865,18.31
1483,185,PEN,SLU-kontroll,Bovans,1009,1.899,25.93
1484,173,PEN,SLU-kontroll,Bovans,1009,2.023,13.41
1485,170,PEN,SLU-kontroll,Bovans,1009,1.865,17.7
1486,173,PEN,SLU-kontroll,Bovans,1009,1.887,20.49
