IID,load_N,cage.pen,feed,breed,group,weight
1,162,CAGE,SLU-försök,Bovans,2101,2.262
2,165,CAGE,SLU-försök,Bovans,2101,1.896
3,255,CAGE,SLU-kontroll,LSL,2102,1.7
4,215,CAGE,SLU-kontroll,LSL,2102,2.074
7,181,CAGE,SLU-försök,Bovans,2104,1.895
8,148,CAGE,SLU-försök,Bovans,2104,1.774
9,167,CAGE,SLU-kontroll,LSL,2105,1.759
10,166,CAGE,SLU-kontroll,LSL,2105,1.886
11,168,CAGE,SLU-kontroll,Bovans,2106,2.143
12,177,CAGE,SLU-kontroll,Bovans,2106,2.074
13,156,CAGE,SLU-försök,Bovans,2107,1.89
14,143,CAGE,SLU-försök,Bovans,2107,1.865
15,178,CAGE,SLU-kontroll,LSL,2108,1.96
16,167,CAGE,SLU-kontroll,LSL,2108,1.632
17,158,CAGE,SLU-kontroll,Bovans,2109,1.848
18,167,CAGE,SLU-kontroll,Bovans,2109,1.753
19,155,CAGE,SLU-försök,Bovans,2110,1.491
20,136,CAGE,SLU-försök,Bovans,2110,1.497
21,177,CAGE,SLU-kontroll,LSL,2111,1.954
22,324,CAGE,SLU-kontroll,LSL,2111,2.122
23,167,CAGE,SLU-kontroll,Bovans,2112,2.115
24,178,CAGE,SLU-kontroll,Bovans,2112,1.992
25,167,CAGE,SLU-kontroll,Bovans,2116,1.776
26,147,CAGE,SLU-kontroll,Bovans,2116,1.938
27,167,CAGE,SLU-försök,LSL,2117,1.765
29,116,CAGE,SLU-försök,Bovans,2118,2.039
30,199,CAGE,SLU-försök,Bovans,2118,2.311
31,170,CAGE,SLU-kontroll,Bovans,2119,1.868
32,145,CAGE,SLU-kontroll,Bovans,2119,2.17
33,140,CAGE,SLU-försök,LSL,2120,2
34,258,CAGE,SLU-försök,LSL,2120,1.96
35,151,CAGE,SLU-försök,Bovans,2121,1.709
36,168,CAGE,SLU-försök,Bovans,2121,2.297
37,149,CAGE,SLU-kontroll,Bovans,2122,2.066
38,172,CAGE,SLU-kontroll,Bovans,2122,1.661
39,143,CAGE,SLU-försök,LSL,2123,1.807
40,104,CAGE,SLU-försök,LSL,2123,1.981
42,102,CAGE,SLU-försök,Bovans,2124,1.534
43,128,CAGE,SLU-kontroll,Bovans,2125,1.683
44,172,CAGE,SLU-kontroll,Bovans,2125,2.218
45,151,CAGE,SLU-försök,LSL,2126,1.4
48,146,CAGE,SLU-försök,Bovans,2127,1.9
49,137,CAGE,SLU-försök,LSL,2201,1.695
50,162,CAGE,SLU-försök,LSL,2201,1.942
51,143,CAGE,SLU-försök,Bovans,2202,2.154
52,111,CAGE,SLU-försök,Bovans,2202,1.814
53,151,CAGE,SLU-försök,LSL,2203,1.956
54,265,CAGE,SLU-försök,LSL,2203,2.204
55,186,CAGE,SLU-försök,LSL,2204,1.755
56,149,CAGE,SLU-försök,LSL,2204,1.562
57,233,CAGE,SLU-försök,Bovans,2205,2.334
58,136,CAGE,SLU-försök,Bovans,2205,1.901
59,144,CAGE,SLU-försök,LSL,2206,2.176
60,107,CAGE,SLU-försök,LSL,2206,1.904
61,172,CAGE,SLU-försök,LSL,2207,1.726
63,151,CAGE,SLU-försök,Bovans,2208,2.018
64,125,CAGE,SLU-försök,Bovans,2208,1.983
65,185,CAGE,SLU-försök,LSL,2209,1.787
66,158,CAGE,SLU-försök,LSL,2209,1.841
67,234,CAGE,SLU-försök,LSL,2210,1.919
68,160,CAGE,SLU-försök,LSL,2210,2.141
69,116,CAGE,SLU-försök,Bovans,2211,1.713
70,139,CAGE,SLU-försök,Bovans,2211,2.217
73,167,CAGE,SLU-kontroll,LSL,2216,2.156
74,157,CAGE,SLU-kontroll,LSL,2216,1.754
75,NA,CAGE,SLU-kontroll,Bovans,2217,2.185
76,106,CAGE,SLU-kontroll,Bovans,2217,1.743
77,148,CAGE,SLU-kontroll,LSL,2218,1.991
79,192,CAGE,SLU-kontroll,LSL,2219,2.106
80,145,CAGE,SLU-kontroll,LSL,2219,1.677
81,206,CAGE,SLU-kontroll,Bovans,2220,2.044
82,216,CAGE,SLU-kontroll,Bovans,2220,1.834
83,149,CAGE,SLU-kontroll,LSL,2221,2.023
84,143,CAGE,SLU-kontroll,LSL,2221,2.064
86,278,CAGE,SLU-kontroll,LSL,2222,2.066
87,128,CAGE,SLU-kontroll,Bovans,2223,1.846
88,159,CAGE,SLU-kontroll,Bovans,2223,1.821
89,134,CAGE,SLU-kontroll,LSL,2224,1.801
90,139,CAGE,SLU-kontroll,LSL,2224,1.893
91,141,CAGE,SLU-kontroll,LSL,2225,2.062
92,253,CAGE,SLU-kontroll,LSL,2225,1.869
93,175,CAGE,SLU-kontroll,Bovans,2226,1.849
95,186,CAGE,SLU-kontroll,LSL,2227,2.214
96,138,CAGE,SLU-kontroll,LSL,2227,1.938
97,131,CAGE,SLU-kontroll,Bovans,2301,1.95
98,155,CAGE,SLU-kontroll,Bovans,2301,1.87
101,127,CAGE,SLU-kontroll,Bovans,2303,1.883
102,220,CAGE,SLU-kontroll,Bovans,2303,1.899
104,148,CAGE,SLU-kontroll,Bovans,2304,1.831
105,170,CAGE,SLU-försök,LSL,2305,2.33
106,148,CAGE,SLU-försök,LSL,2305,2.066
107,186,CAGE,SLU-kontroll,Bovans,2306,2.295
108,148,CAGE,SLU-kontroll,Bovans,2306,1.739
109,191,CAGE,SLU-kontroll,Bovans,2307,2.051
110,141,CAGE,SLU-kontroll,Bovans,2307,1.772
111,145,CAGE,SLU-försök,LSL,2308,1.899
112,146,CAGE,SLU-försök,LSL,2308,2.084
113,219,CAGE,SLU-kontroll,Bovans,2309,2.108
114,148,CAGE,SLU-kontroll,Bovans,2309,2.26
115,144,CAGE,SLU-kontroll,Bovans,2310,2.102
116,148,CAGE,SLU-kontroll,Bovans,2310,2.086
118,240,CAGE,SLU-försök,LSL,2311,1.838
120,141,CAGE,SLU-kontroll,Bovans,2312,2.03
121,121,CAGE,SLU-försök,Bovans,2316,1.526
122,172,CAGE,SLU-försök,Bovans,2316,1.988
123,146,CAGE,SLU-kontroll,LSL,2317,1.934
124,123,CAGE,SLU-kontroll,LSL,2317,1.671
125,148,CAGE,SLU-försök,Bovans,2318,1.67
127,138,CAGE,SLU-försök,Bovans,2319,1.955
128,166,CAGE,SLU-försök,Bovans,2319,1.96
129,93,CAGE,SLU-kontroll,LSL,2320,1.769
131,131,CAGE,SLU-försök,Bovans,2321,1.916
132,141,CAGE,SLU-försök,Bovans,2321,2.096
133,116,CAGE,SLU-försök,Bovans,2322,1.811
136,154,CAGE,SLU-kontroll,LSL,2323,1.932
137,212,CAGE,SLU-försök,Bovans,2324,2.038
138,143,CAGE,SLU-försök,Bovans,2324,1.568
139,185,CAGE,SLU-försök,Bovans,2325,1.979
142,153,CAGE,SLU-kontroll,LSL,2326,1.825
144,140,CAGE,SLU-försök,Bovans,2327,1.942
145,127,CAGE,SLU-kontroll,LSL,2401,1.727
146,162,CAGE,SLU-kontroll,LSL,2401,1.813
147,187,CAGE,SLU-kontroll,Bovans,2402,2.153
148,126,CAGE,SLU-kontroll,Bovans,2402,1.901
149,121,CAGE,SLU-försök,LSL,2403,1.713
150,101,CAGE,SLU-försök,LSL,2403,1.734
152,180,CAGE,SLU-kontroll,LSL,2404,1.96
154,185,CAGE,SLU-kontroll,Bovans,2405,2.22
155,126,CAGE,SLU-försök,LSL,2406,1.679
156,200,CAGE,SLU-försök,LSL,2406,1.911
157,153,CAGE,SLU-kontroll,LSL,2407,1.951
158,168,CAGE,SLU-kontroll,LSL,2407,1.959
160,204,CAGE,SLU-kontroll,Bovans,2408,1.752
161,134,CAGE,SLU-försök,LSL,2409,1.77
162,177,CAGE,SLU-försök,LSL,2409,1.763
163,128,CAGE,SLU-kontroll,LSL,2410,1.813
164,150,CAGE,SLU-kontroll,LSL,2410,1.338
166,202,CAGE,SLU-kontroll,Bovans,2411,1.921
167,142,CAGE,SLU-försök,LSL,2412,1.777
168,157,CAGE,SLU-försök,LSL,2412,1.819
170,NA,CAGE,SLU-försök,LSL,2416,1.567
171,NA,CAGE,SLU-försök,Bovans,2417,1.607
172,105,CAGE,SLU-försök,Bovans,2417,1.67
173,178,CAGE,SLU-kontroll,LSL,2418,2.202
174,148,CAGE,SLU-kontroll,LSL,2418,1.734
175,173,CAGE,SLU-försök,LSL,2419,1.526
176,228,CAGE,SLU-försök,LSL,2419,1.841
177,183,CAGE,SLU-försök,Bovans,2420,1.674
182,181,CAGE,SLU-försök,LSL,2422,1.869
184,151,CAGE,SLU-försök,Bovans,2423,2.21
185,173,CAGE,SLU-kontroll,LSL,2424,1.712
186,164,CAGE,SLU-kontroll,LSL,2424,1.897
189,152,CAGE,SLU-försök,Bovans,2426,1.942
191,161,CAGE,SLU-kontroll,LSL,2427,1.784
192,149,CAGE,SLU-kontroll,LSL,2427,1.91
193,137,CAGE,SLU-kontroll,Bovans,2501,2.01
194,148,CAGE,SLU-kontroll,Bovans,2501,2.255
195,NA,CAGE,SLU-kontroll,LSL,2502,1.908
196,199,CAGE,SLU-kontroll,LSL,2502,2.142
197,NA,CAGE,SLU-kontroll,Bovans,2503,2.186
198,135,CAGE,SLU-kontroll,Bovans,2503,2.088
199,107,CAGE,SLU-kontroll,Bovans,2504,1.739
200,168,CAGE,SLU-kontroll,Bovans,2504,1.732
201,144,CAGE,SLU-kontroll,LSL,2505,1.913
202,105,CAGE,SLU-kontroll,LSL,2505,1.97
203,73,CAGE,SLU-kontroll,Bovans,2506,1.508
204,137,CAGE,SLU-kontroll,Bovans,2506,2.021
205,156,CAGE,SLU-kontroll,Bovans,2507,1.704
207,159,CAGE,SLU-kontroll,LSL,2508,2.114
208,171,CAGE,SLU-kontroll,LSL,2508,1.812
209,155,CAGE,SLU-kontroll,Bovans,2509,1.995
211,107,CAGE,SLU-kontroll,Bovans,2510,1.786
215,157,CAGE,SLU-kontroll,Bovans,2512,1.916
216,181,CAGE,SLU-kontroll,Bovans,2512,1.869
219,109,CAGE,SLU-försök,LSL,2517,1.665
220,152,CAGE,SLU-försök,LSL,2517,1.59
221,153,CAGE,SLU-försök,Bovans,2518,1.649
223,120,CAGE,SLU-försök,Bovans,2519,1.806
225,140,CAGE,SLU-försök,LSL,2520,1.479
226,201,CAGE,SLU-försök,LSL,2520,1.671
227,122,CAGE,SLU-försök,Bovans,2521,1.901
228,132,CAGE,SLU-försök,Bovans,2521,1.874
229,148,CAGE,SLU-försök,Bovans,2522,2.111
231,109,CAGE,SLU-försök,LSL,2523,1.744
233,154,CAGE,SLU-försök,Bovans,2524,2.134
234,123,CAGE,SLU-försök,Bovans,2524,2.077
235,131,CAGE,SLU-försök,Bovans,2525,1.771
238,111,CAGE,SLU-försök,LSL,2526,1.663
239,189,CAGE,SLU-försök,Bovans,2527,1.742
240,131,CAGE,SLU-försök,Bovans,2527,2.011
242,153,CAGE,SLU-försök,LSL,2601,2.037
243,110,CAGE,SLU-försök,Bovans,2602,1.813
244,176,CAGE,SLU-försök,Bovans,2602,1.767
246,131,CAGE,SLU-kontroll,LSL,2603,1.641
247,113,CAGE,SLU-försök,LSL,2604,1.715
248,138,CAGE,SLU-försök,LSL,2604,1.743
249,209,CAGE,SLU-försök,Bovans,2605,1.813
250,117,CAGE,SLU-försök,Bovans,2605,1.769
251,188,CAGE,SLU-kontroll,LSL,2606,2.228
252,146,CAGE,SLU-kontroll,LSL,2606,1.903
253,161,CAGE,SLU-försök,LSL,2607,1.779
254,NA,CAGE,SLU-försök,LSL,2607,1.975
255,155,CAGE,SLU-försök,Bovans,2608,1.834
256,134,CAGE,SLU-försök,Bovans,2608,2.058
257,155,CAGE,SLU-kontroll,LSL,2609,2.013
260,131,CAGE,SLU-försök,LSL,2610,1.781
261,174,CAGE,SLU-försök,Bovans,2611,2.224
262,142,CAGE,SLU-försök,Bovans,2611,1.914
263,125,CAGE,SLU-kontroll,LSL,2612,1.842
264,175,CAGE,SLU-kontroll,LSL,2612,2.011
265,134,CAGE,SLU-kontroll,LSL,2616,2.197
266,156,CAGE,SLU-kontroll,LSL,2616,1.495
267,160,CAGE,SLU-kontroll,Bovans,2617,1.445
268,219,CAGE,SLU-kontroll,Bovans,2617,1.89
269,194,CAGE,SLU-försök,LSL,2618,2.096
274,204,CAGE,SLU-kontroll,Bovans,2620,2.086
275,146,CAGE,SLU-försök,LSL,2621,1.835
276,166,CAGE,SLU-försök,LSL,2621,1.734
277,101,CAGE,SLU-kontroll,LSL,2622,1.809
278,178,CAGE,SLU-kontroll,LSL,2622,1.913
279,201,CAGE,SLU-kontroll,Bovans,2623,1.795
281,140,CAGE,SLU-försök,LSL,2624,1.68
282,113,CAGE,SLU-försök,LSL,2624,1.754
283,221,CAGE,SLU-kontroll,LSL,2625,2.297
286,121,CAGE,SLU-kontroll,Bovans,2626,1.868
289,113,CAGE,SLU-kontroll,Bovans,2103,1.674
290,220,CAGE,SLU-kontroll,Bovans,2103,1.609
291,144,CAGE,SLU-försök,LSL,2117,2.025
292,147,CAGE,SLU-försök,Bovans,2124,1.956
293,121,CAGE,SLU-försök,LSL,2126,1.628
294,152,CAGE,SLU-försök,Bovans,2127,1.953
295,141,CAGE,SLU-försök,LSL,2207,1.8
297,154,CAGE,SLU-försök,LSL,2212,1.854
298,158,CAGE,SLU-kontroll,LSL,2218,1.874
299,155,CAGE,SLU-kontroll,LSL,2222,1.813
300,114,CAGE,SLU-kontroll,Bovans,2226,1.744
301,104,CAGE,SLU-försök,LSL,2302,1.509
303,149,CAGE,SLU-kontroll,Bovans,2304,2.067
304,148,CAGE,SLU-försök,LSL,2311,1.794
307,163,CAGE,SLU-kontroll,LSL,2320,2.009
309,150,CAGE,SLU-kontroll,LSL,2323,2.102
310,169,CAGE,SLU-försök,Bovans,2325,2.066
311,181,CAGE,SLU-kontroll,LSL,2326,1.999
312,121,CAGE,SLU-försök,Bovans,2327,2.022
313,145,CAGE,SLU-kontroll,LSL,2404,2.059
314,137,CAGE,SLU-kontroll,Bovans,2405,1.766
315,165,CAGE,SLU-kontroll,Bovans,2408,1.883
316,159,CAGE,SLU-kontroll,Bovans,2411,2.153
317,133,CAGE,SLU-försök,LSL,2416,1.647
318,131,CAGE,SLU-försök,Bovans,2420,1.61
319,133,CAGE,SLU-kontroll,LSL,2421,1.67
320,94,CAGE,SLU-kontroll,LSL,2421,1.798
321,177,CAGE,SLU-försök,LSL,2422,1.767
322,157,CAGE,SLU-försök,Bovans,2423,1.985
323,150,CAGE,SLU-försök,LSL,2425,1.986
324,134,CAGE,SLU-försök,LSL,2425,1.991
325,122,CAGE,SLU-försök,Bovans,2426,1.971
326,137,CAGE,SLU-kontroll,Bovans,2507,1.903
327,166,CAGE,SLU-kontroll,Bovans,2509,1.828
328,120,CAGE,SLU-kontroll,Bovans,2510,1.7
330,127,CAGE,SLU-kontroll,LSL,2511,1.887
331,129,CAGE,SLU-försök,Bovans,2516,1.796
332,162,CAGE,SLU-försök,Bovans,2516,1.751
333,107,CAGE,SLU-försök,Bovans,2518,1.699
334,109,CAGE,SLU-försök,Bovans,2519,1.987
335,136,CAGE,SLU-försök,Bovans,2522,1.945
336,132,CAGE,SLU-försök,LSL,2523,1.762
337,124,CAGE,SLU-försök,Bovans,2525,1.792
338,123,CAGE,SLU-försök,LSL,2526,1.593
339,151,CAGE,SLU-försök,LSL,2601,1.566
341,162,CAGE,SLU-kontroll,LSL,2609,1.813
342,NA,CAGE,SLU-försök,LSL,2610,1.81
343,135,CAGE,SLU-försök,LSL,2618,1.659
344,158,CAGE,SLU-kontroll,LSL,2619,1.799
345,148,CAGE,SLU-kontroll,Bovans,2620,1.659
346,147,CAGE,SLU-kontroll,Bovans,2623,2.023
349,205,CAGE,SLU-försök,LSL,2627,2.191
350,258,CAGE,SLU-kontroll,LSL,2619,1.445
351,100,CAGE,SLU-försök,LSL,2627,1.689
352,180,CAGE,SLU-kontroll,LSL,2511,1.907
354,148,CAGE,SLU-kontroll,LSL,2603,1.747
356,181,CAGE,SLU-kontroll,LSL,2625,2.213
357,218,CAGE,SLU-försök,Bovans,2113,1.814
358,171,CAGE,SLU-försök,Bovans,2113,2.048
359,142,CAGE,SLU-kontroll,LSL,2114,2.135
360,136,CAGE,SLU-kontroll,LSL,2114,1.818
361,130,CAGE,SLU-kontroll,Bovans,2115,1.838
362,129,CAGE,SLU-kontroll,Bovans,2115,1.842
363,120,CAGE,SLU-kontroll,Bovans,2128,1.962
365,160,CAGE,SLU-försök,LSL,2129,1.943
366,117,CAGE,SLU-försök,LSL,2129,1.814
367,87,CAGE,SLU-försök,Bovans,2130,1.907
368,109,CAGE,SLU-försök,Bovans,2130,1.814
369,160,CAGE,SLU-försök,LSL,2213,1.928
370,216,CAGE,SLU-försök,LSL,2213,1.902
371,110,CAGE,SLU-försök,Bovans,2214,1.891
373,166,CAGE,SLU-försök,LSL,2215,1.967
374,130,CAGE,SLU-försök,LSL,2215,1.556
375,105,CAGE,SLU-kontroll,LSL,2228,1.838
377,139,CAGE,SLU-kontroll,Bovans,2229,1.961
378,146,CAGE,SLU-kontroll,Bovans,2229,1.778
379,NA,CAGE,SLU-kontroll,LSL,2230,2.52
381,117,CAGE,SLU-kontroll,Bovans,2313,1.94
382,134,CAGE,SLU-kontroll,Bovans,2313,1.814
383,141,CAGE,SLU-försök,LSL,2314,2.077
384,131,CAGE,SLU-försök,LSL,2314,1.5
385,116,CAGE,SLU-kontroll,Bovans,2315,1.464
386,130,CAGE,SLU-kontroll,Bovans,2315,1.895
387,138,CAGE,SLU-försök,Bovans,2328,1.729
388,NA,CAGE,SLU-försök,Bovans,2328,2.113
389,110,CAGE,SLU-kontroll,LSL,2329,2.023
390,174,CAGE,SLU-kontroll,LSL,2329,1.629
391,176,CAGE,SLU-försök,Bovans,2330,2.16
392,162,CAGE,SLU-försök,Bovans,2330,2.249
393,221,CAGE,SLU-kontroll,LSL,2413,1.788
395,134,CAGE,SLU-kontroll,Bovans,2414,2.051
397,231,CAGE,SLU-försök,LSL,2415,1.888
398,125,CAGE,SLU-försök,LSL,2415,1.477
399,134,CAGE,SLU-försök,Bovans,2429,1.73
400,103,CAGE,SLU-försök,LSL,2428,1.446
401,138,CAGE,SLU-försök,LSL,2428,1.897
402,150,CAGE,SLU-försök,Bovans,2429,2.016
405,145,CAGE,SLU-kontroll,Bovans,2513,1.874
407,164,CAGE,SLU-kontroll,LSL,2514,2.317
408,124,CAGE,SLU-kontroll,LSL,2514,1.79
409,136,CAGE,SLU-kontroll,Bovans,2515,1.937
412,106,CAGE,SLU-försök,Bovans,2528,1.773
413,154,CAGE,SLU-försök,LSL,2529,2.047
414,181,CAGE,SLU-försök,LSL,2529,2.089
416,NA,CAGE,SLU-försök,Bovans,2530,1.894
417,149,CAGE,SLU-försök,LSL,2613,1.722
418,127,CAGE,SLU-försök,LSL,2613,1.569
421,171,CAGE,SLU-kontroll,LSL,2615,2.072
422,128,CAGE,SLU-kontroll,LSL,2615,2.069
423,136,CAGE,SLU-kontroll,LSL,2628,1.671
424,147,CAGE,SLU-kontroll,Bovans,2629,1.784
425,142,CAGE,SLU-försök,LSL,2630,1.977
426,131,CAGE,SLU-kontroll,LSL,2628,1.798
435,157,CAGE,SLU-kontroll,Bovans,2116,2.176
438,157,CAGE,SLU-försök,LSL,2117,1.889
439,145,CAGE,SLU-försök,Bovans,2118,1.777
440,102,CAGE,SLU-försök,Bovans,2118,1.819
441,121,CAGE,SLU-försök,LSL,2201,1.794
443,130,CAGE,SLU-försök,Bovans,2202,2.214
445,156,CAGE,SLU-försök,LSL,2203,2.051
447,125,CAGE,SLU-kontroll,LSL,2216,1.702
448,137,CAGE,SLU-kontroll,LSL,2216,1.202
449,108,CAGE,SLU-kontroll,Bovans,2217,1.737
451,131,CAGE,SLU-kontroll,LSL,2218,1.637
452,106,CAGE,SLU-kontroll,LSL,2218,1.404
453,161,CAGE,SLU-försök,LSL,2302,1.955
454,124,CAGE,SLU-försök,LSL,2302,1.949
455,126,CAGE,SLU-kontroll,Bovans,2301,2.217
456,151,CAGE,SLU-kontroll,Bovans,2301,1.996
457,115,CAGE,SLU-kontroll,Bovans,2303,1.91
458,113,CAGE,SLU-kontroll,Bovans,2303,1.804
460,142,CAGE,SLU-försök,Bovans,2316,1.948
461,113,CAGE,SLU-försök,Bovans,2318,1.965
462,140,CAGE,SLU-försök,Bovans,2318,2.101
463,92,CAGE,SLU-kontroll,LSL,2317,1.716
465,168,CAGE,SLU-kontroll,LSL,2401,1.895
466,147,CAGE,SLU-kontroll,LSL,2401,2.035
467,137,CAGE,SLU-kontroll,Bovans,2402,1.955
468,131,CAGE,SLU-kontroll,Bovans,2402,2.105
471,166,CAGE,SLU-försök,LSL,2416,2.085
472,138,CAGE,SLU-försök,LSL,2416,2.008
473,154,CAGE,SLU-försök,Bovans,2417,2.438
474,136,CAGE,SLU-försök,Bovans,2417,2.049
475,100,CAGE,SLU-kontroll,LSL,2418,1.923
476,114,CAGE,SLU-kontroll,Bovans,2501,2.126
477,87,CAGE,SLU-kontroll,Bovans,2501,1.874
478,112,CAGE,SLU-kontroll,LSL,2418,1.604
479,146,CAGE,SLU-kontroll,LSL,2502,1.926
480,177,CAGE,SLU-kontroll,LSL,2502,1.851
481,97,CAGE,SLU-kontroll,Bovans,2503,1.745
482,128,CAGE,SLU-kontroll,Bovans,2503,1.687
483,149,CAGE,SLU-försök,Bovans,2516,2.051
484,116,CAGE,SLU-försök,Bovans,2516,1.696
485,96,CAGE,SLU-försök,LSL,2517,1.634
486,99,CAGE,SLU-försök,LSL,2517,1.731
487,160,CAGE,SLU-försök,Bovans,2518,1.835
489,156,CAGE,SLU-försök,LSL,2601,1.827
490,133,CAGE,SLU-försök,LSL,2601,1.549
491,156,CAGE,SLU-försök,Bovans,2602,2.095
492,141,CAGE,SLU-försök,Bovans,2602,1.949
493,153,CAGE,SLU-kontroll,LSL,2603,2.011
494,142,CAGE,SLU-kontroll,LSL,2603,2.013
497,158,CAGE,SLU-kontroll,Bovans,2617,1.993
498,130,CAGE,SLU-kontroll,Bovans,2617,2.077
499,176,CAGE,SLU-försök,LSL,2618,2.076
500,116,CAGE,SLU-försök,LSL,2618,1.71
501,217,CAGE,SLU-försök,LSL,2212,2.059
502,129,CAGE,SLU-försök,LSL,2302,1.99
503,136,CAGE,SLU-försök,LSL,2302,2.067
504,377,CAGE,SLU-kontroll,Bovans,2312,2.482
505,112,CAGE,SLU-försök,Bovans,2318,1.727
506,201,CAGE,SLU-försök,Bovans,2322,1.921
509,178,CAGE,SLU-kontroll,LSL,2625,1.987
510,91,CAGE,SLU-kontroll,LSL,2511,1.645
511,157,CAGE,SLU-kontroll,LSL,2625,2.099
513,147,CAGE,SLU-kontroll,Bovans,2128,1.978
514,154,CAGE,SLU-kontroll,Bovans,2626,2.216
517,NA,CAGE,SLU-kontroll,Bovans,2128,2.165
518,141,CAGE,SLU-försök,Bovans,2214,2.019
521,177,CAGE,SLU-kontroll,LSL,2413,2.012
522,NA,CAGE,SLU-kontroll,Bovans,2414,1.769
523,93,CAGE,SLU-kontroll,LSL,2228,1.711
524,136,CAGE,SLU-kontroll,LSL,2230,2.046
525,90,CAGE,SLU-kontroll,LSL,2430,1.866
526,144,CAGE,SLU-kontroll,LSL,2430,1.981
527,227,CAGE,SLU-kontroll,Bovans,2513,1.956
531,140,CAGE,SLU-försök,Bovans,2530,2.023
532,152,CAGE,SLU-kontroll,Bovans,2515,2.225
533,193,CAGE,SLU-kontroll,Bovans,2513,1.679
534,NA,CAGE,SLU-försök,Bovans,2614,1.754
535,136,CAGE,SLU-försök,Bovans,2614,1.886
536,143,CAGE,SLU-försök,Bovans,2528,1.748
537,140,CAGE,SLU-kontroll,Bovans,2629,2.06
539,NA,CAGE,SLU-försök,Bovans,2101,1.728
540,126,CAGE,SLU-försök,Bovans,2101,1.79
541,150,CAGE,SLU-försök,LSL,2630,2.526
542,174,CAGE,SLU-kontroll,LSL,2102,1.71
544,130,CAGE,SLU-kontroll,LSL,2102,1.966
545,164,CAGE,SLU-kontroll,Bovans,2106,2.236
546,149,CAGE,SLU-kontroll,Bovans,2106,1.886
547,NA,CAGE,SLU-kontroll,Bovans,2116,1.756
548,NA,CAGE,SLU-kontroll,Bovans,2116,2.34
549,151,CAGE,SLU-försök,LSL,2117,2.041
551,148,CAGE,SLU-försök,Bovans,2202,1.996
554,103,CAGE,SLU-försök,LSL,2201,1.79
555,117,CAGE,SLU-kontroll,Bovans,2217,1.96
557,113,CAGE,SLU-kontroll,Bovans,2217,1.975
558,127,CAGE,SLU-försök,LSL,2203,1.863
560,94,CAGE,SLU-försök,Bovans,2107,2.134
562,137,CAGE,SLU-kontroll,Bovans,2109,1.96
563,122,CAGE,SLU-försök,Bovans,2107,1.966
567,147,CAGE,SLU-kontroll,Bovans,2122,1.691
568,196,CAGE,SLU-kontroll,Bovans,2122,2.103
569,100,CAGE,SLU-kontroll,Bovans,2109,1.915
570,102,CAGE,SLU-kontroll,LSL,2108,1.667
572,114,CAGE,SLU-försök,Bovans,2124,1.647
573,126,CAGE,SLU-försök,LSL,2123,1.645
574,139,CAGE,SLU-försök,LSL,2123,1.903
575,140,CAGE,SLU-försök,Bovans,2124,1.69
576,155,CAGE,SLU-kontroll,LSL,2105,1.793
577,130,CAGE,SLU-försök,Bovans,2208,2.184
578,143,CAGE,SLU-försök,Bovans,2208,1.797
579,167,CAGE,SLU-försök,LSL,2209,1.754
580,117,CAGE,SLU-försök,LSL,2209,1.677
581,166,CAGE,SLU-försök,LSL,2207,2.056
582,167,CAGE,SLU-försök,LSL,2207,2.117
584,138,CAGE,SLU-kontroll,LSL,2222,1.768
585,167,CAGE,SLU-kontroll,LSL,2222,1.882
586,221,CAGE,SLU-kontroll,Bovans,2223,2.433
587,164,CAGE,SLU-kontroll,Bovans,2223,2.128
588,136,CAGE,SLU-kontroll,LSL,2224,2.322
590,97,CAGE,SLU-kontroll,Bovans,2307,1.912
592,153,CAGE,SLU-försök,LSL,2308,2.067
593,140,CAGE,SLU-försök,LSL,2308,1.708
596,154,CAGE,SLU-kontroll,LSL,2224,1.784
598,158,CAGE,SLU-kontroll,Bovans,2309,1.921
599,135,CAGE,SLU-kontroll,Bovans,2309,1.895
600,178,CAGE,SLU-försök,Bovans,2322,2.188
601,164,CAGE,SLU-försök,Bovans,2322,1.985
603,147,CAGE,SLU-försök,Bovans,2322,2.139
605,137,CAGE,SLU-kontroll,LSL,2323,1.87
608,145,CAGE,SLU-försök,Bovans,2324,1.904
609,115,CAGE,SLU-försök,Bovans,2324,1.751
610,124,CAGE,SLU-kontroll,LSL,2407,1.955
611,183,CAGE,SLU-kontroll,LSL,2407,2.038
612,123,CAGE,SLU-kontroll,LSL,2323,1.757
613,127,CAGE,SLU-kontroll,LSL,2323,1.483
614,181,CAGE,SLU-kontroll,Bovans,2408,1.753
615,167,CAGE,SLU-kontroll,Bovans,2408,1.855
616,154,CAGE,SLU-försök,LSL,2409,2.025
617,157,CAGE,SLU-försök,LSL,2409,1.883
618,155,CAGE,SLU-kontroll,Bovans,2304,1.803
621,106,CAGE,SLU-försök,Bovans,2423,2.049
622,154,CAGE,SLU-försök,Bovans,2423,1.896
623,159,CAGE,SLU-försök,LSL,2422,1.705
624,141,CAGE,SLU-försök,LSL,2422,1.854
625,156,CAGE,SLU-försök,LSL,2422,1.96
626,145,CAGE,SLU-kontroll,LSL,2424,2.305
627,156,CAGE,SLU-kontroll,LSL,2424,1.897
628,177,CAGE,SLU-kontroll,Bovans,2507,2.324
629,158,CAGE,SLU-kontroll,Bovans,2507,2.092
630,154,CAGE,SLU-kontroll,LSL,2508,1.85
631,116,CAGE,SLU-kontroll,LSL,2508,1.977
632,153,CAGE,SLU-kontroll,Bovans,2509,2.192
633,130,CAGE,SLU-kontroll,Bovans,2509,1.837
634,113,CAGE,SLU-försök,Bovans,2522,1.751
636,153,CAGE,SLU-försök,LSL,2523,1.826
637,157,CAGE,SLU-försök,LSL,2523,1.732
639,103,CAGE,SLU-försök,Bovans,2524,1.803
643,189,CAGE,SLU-försök,LSL,2607,2.009
644,116,CAGE,SLU-försök,Bovans,2524,1.778
645,130,CAGE,SLU-försök,Bovans,2608,1.979
646,133,CAGE,SLU-försök,Bovans,2608,1.701
647,155,CAGE,SLU-kontroll,LSL,2609,2.319
649,NA,CAGE,SLU-kontroll,LSL,2622,1.778
650,156,CAGE,SLU-kontroll,LSL,2622,1.961
652,164,CAGE,SLU-kontroll,Bovans,2623,2.184
653,189,CAGE,SLU-försök,LSL,2624,1.821
654,165,CAGE,SLU-försök,LSL,2624,2.046
655,120,CAGE,SLU-försök,Bovans,2519,1.649
656,168,CAGE,SLU-försök,Bovans,2519,2.143
658,187,CAGE,SLU-försök,LSL,2607,2.759
660,143,CAGE,SLU-kontroll,Bovans,2623,2.108
661,198,CAGE,SLU-kontroll,LSL,2606,1.896
1003,195,PEN,SLU-försök,LSL,1001,1.781
1004,204,PEN,SLU-försök,LSL,1001,1.79
1006,195,PEN,SLU-försök,LSL,1001,1.822
1007,256,PEN,SLU-försök,LSL,1001,1.756
1008,204,PEN,SLU-försök,LSL,1001,1.771
1009,303,PEN,SLU-försök,LSL,1001,1.763
1010,240,PEN,SLU-försök,LSL,1001,1.973
1011,200,PEN,SLU-försök,LSL,1001,2.034
1012,247,PEN,SLU-försök,LSL,1001,1.873
1013,243,PEN,SLU-försök,LSL,1001,1.872
1014,259,PEN,SLU-försök,LSL,1001,1.767
1015,209,PEN,SLU-försök,LSL,1001,1.965
1016,244,PEN,SLU-försök,LSL,1001,1.749
1017,191,PEN,SLU-försök,LSL,1001,1.721
1019,191,PEN,SLU-försök,LSL,1001,1.742
1020,153,PEN,SLU-försök,LSL,1001,1.705
1022,149,PEN,SLU-försök,Bovans,1002,1.388
1023,176,PEN,SLU-försök,Bovans,1002,1.952
1026,214,PEN,SLU-försök,Bovans,1002,2.015
1027,189,PEN,SLU-försök,Bovans,1002,1.707
1030,186,PEN,SLU-försök,Bovans,1002,1.617
1031,176,PEN,SLU-försök,Bovans,1002,1.8
1032,325,PEN,SLU-försök,Bovans,1002,1.729
1033,204,PEN,SLU-försök,Bovans,1002,1.825
1035,289,PEN,SLU-försök,Bovans,1002,2.124
1037,170,PEN,SLU-försök,Bovans,1002,2.065
1038,176,PEN,SLU-försök,Bovans,1002,2.018
1039,239,PEN,SLU-försök,Bovans,1002,1.866
1042,244,PEN,SLU-kontroll,Bovans,1003,2.118
1043,247,PEN,SLU-kontroll,Bovans,1003,1.605
1044,234,PEN,SLU-kontroll,Bovans,1003,1.947
1045,250,PEN,SLU-kontroll,Bovans,1003,1.979
1046,209,PEN,SLU-kontroll,Bovans,1003,1.928
1047,211,PEN,SLU-kontroll,Bovans,1003,2.133
1048,181,PEN,SLU-kontroll,Bovans,1003,2.03
1049,173,PEN,SLU-kontroll,Bovans,1003,1.853
1050,227,PEN,SLU-kontroll,Bovans,1003,1.858
1052,268,PEN,SLU-kontroll,Bovans,1003,2.025
1054,168,PEN,SLU-kontroll,Bovans,1003,1.781
1055,220,PEN,SLU-kontroll,Bovans,1003,2.166
1056,178,PEN,SLU-kontroll,Bovans,1003,1.556
1059,206,PEN,SLU-kontroll,Bovans,1003,1.889
1061,178,PEN,SLU-kontroll,LSL,1004,2.093
1062,239,PEN,SLU-kontroll,LSL,1004,2.067
1063,197,PEN,SLU-kontroll,LSL,1004,1.992
1064,130,PEN,SLU-kontroll,LSL,1004,1.586
1065,201,PEN,SLU-kontroll,LSL,1004,1.719
1066,190,PEN,SLU-kontroll,LSL,1004,1.757
1067,170,PEN,SLU-kontroll,LSL,1004,1.762
1069,148,PEN,SLU-kontroll,LSL,1004,1.941
1070,292,PEN,SLU-kontroll,LSL,1004,1.921
1071,172,PEN,SLU-kontroll,LSL,1004,1.824
1072,241,PEN,SLU-kontroll,LSL,1004,1.92
1073,200,PEN,SLU-kontroll,LSL,1004,1.843
1074,234,PEN,SLU-kontroll,LSL,1004,1.9
1075,193,PEN,SLU-kontroll,LSL,1004,1.901
1076,260,PEN,SLU-kontroll,LSL,1004,1.996
1078,186,PEN,SLU-kontroll,LSL,1004,1.715
1079,212,PEN,SLU-kontroll,LSL,1004,1.819
1080,148,PEN,SLU-kontroll,LSL,1004,1.578
1082,242,PEN,SLU-försök,LSL,1005,1.955
1083,187,PEN,SLU-försök,LSL,1005,1.845
1084,304,PEN,SLU-försök,LSL,1005,2.286
1085,149,PEN,SLU-försök,LSL,1005,1.73
1086,160,PEN,SLU-försök,LSL,1005,1.649
1087,230,PEN,SLU-försök,LSL,1005,1.998
1088,270,PEN,SLU-försök,LSL,1005,2.346
1089,282,PEN,SLU-försök,LSL,1005,1.735
1090,229,PEN,SLU-försök,LSL,1005,1.71
1091,163,PEN,SLU-försök,LSL,1005,1.611
1093,216,PEN,SLU-försök,LSL,1005,1.917
1095,259,PEN,SLU-försök,LSL,1005,2.326
1098,187,PEN,SLU-försök,LSL,1005,1.977
1099,243,PEN,SLU-försök,LSL,1005,1.827
1101,181,PEN,SLU-försök,Bovans,1006,2.157
1102,144,PEN,SLU-försök,Bovans,1006,1.95
1104,NA,PEN,SLU-försök,Bovans,1006,1.982
1105,172,PEN,SLU-försök,Bovans,1006,1.827
1108,146,PEN,SLU-försök,Bovans,1006,1.789
1109,NA,PEN,SLU-försök,Bovans,1006,1.84
1110,262,PEN,SLU-försök,Bovans,1006,2.209
1112,NA,PEN,SLU-försök,Bovans,1006,2.453
1115,421,PEN,SLU-försök,Bovans,1006,2.057
1116,203,PEN,SLU-försök,Bovans,1006,2.004
1117,190,PEN,SLU-försök,Bovans,1006,1.847
1118,117,PEN,SLU-försök,Bovans,1006,1.933
1120,205,PEN,SLU-försök,Bovans,1006,1.832
1122,186,PEN,SLU-försök,LSL,1007,1.683
1123,152,PEN,SLU-försök,LSL,1007,1.918
1124,136,PEN,SLU-försök,LSL,1007,1.577
1125,251,PEN,SLU-försök,LSL,1007,2.231
1126,201,PEN,SLU-försök,LSL,1007,1.809
1129,183,PEN,SLU-försök,LSL,1007,1.887
1132,191,PEN,SLU-försök,LSL,1007,1.955
1135,185,PEN,SLU-försök,LSL,1007,1.88
1136,200,PEN,SLU-försök,LSL,1007,1.684
1138,173,PEN,SLU-försök,LSL,1007,1.848
1139,216,PEN,SLU-försök,LSL,1007,1.969
1141,205,PEN,SLU-kontroll,LSL,1008,1.639
1142,151,PEN,SLU-kontroll,LSL,1008,1.706
1143,198,PEN,SLU-kontroll,LSL,1008,1.839
1146,268,PEN,SLU-kontroll,LSL,1008,1.881
1147,252,PEN,SLU-kontroll,LSL,1008,1.73
1148,218,PEN,SLU-kontroll,LSL,1008,1.869
1150,179,PEN,SLU-kontroll,LSL,1008,1.699
1151,256,PEN,SLU-kontroll,LSL,1008,1.7
1152,252,PEN,SLU-kontroll,LSL,1008,2.143
1153,161,PEN,SLU-kontroll,LSL,1008,1.749
1156,239,PEN,SLU-kontroll,LSL,1008,2.098
1159,200,PEN,SLU-kontroll,LSL,1008,2.037
1160,282,PEN,SLU-kontroll,LSL,1008,1.854
1162,186,PEN,SLU-kontroll,Bovans,1009,1.858
1163,206,PEN,SLU-kontroll,Bovans,1009,1.649
1164,171,PEN,SLU-kontroll,Bovans,1009,1.843
1165,207,PEN,SLU-kontroll,Bovans,1009,2.181
1167,220,PEN,SLU-kontroll,Bovans,1009,2.197
1168,226,PEN,SLU-kontroll,Bovans,1009,1.896
1169,252,PEN,SLU-kontroll,Bovans,1009,2.009
1170,174,PEN,SLU-kontroll,Bovans,1009,1.754
1171,166,PEN,SLU-kontroll,Bovans,1009,2.053
1172,195,PEN,SLU-kontroll,Bovans,1009,1.79
1174,240,PEN,SLU-kontroll,Bovans,1009,1.74
1175,185,PEN,SLU-kontroll,Bovans,1009,1.807
1178,133,PEN,SLU-kontroll,Bovans,1009,1.773
1179,208,PEN,SLU-kontroll,Bovans,1009,1.912
1180,171,PEN,SLU-kontroll,Bovans,1009,2.05
1181,195,PEN,SLU-kontroll,LSL,1010,1.855
1182,252,PEN,SLU-kontroll,LSL,1010,1.955
1183,323,PEN,SLU-kontroll,LSL,1010,2.056
1185,225,PEN,SLU-kontroll,LSL,1010,2.493
1188,236,PEN,SLU-kontroll,LSL,1010,1.835
1189,140,PEN,SLU-kontroll,LSL,1010,1.869
1191,281,PEN,SLU-kontroll,LSL,1010,2.163
1192,174,PEN,SLU-kontroll,LSL,1010,1.789
1193,193,PEN,SLU-kontroll,LSL,1010,1.933
1194,182,PEN,SLU-kontroll,LSL,1010,1.948
1195,349,PEN,SLU-kontroll,LSL,1010,2.029
1196,179,PEN,SLU-kontroll,LSL,1010,1.788
1197,201,PEN,SLU-kontroll,LSL,1010,1.785
1200,208,PEN,SLU-kontroll,LSL,1010,1.813
1201,317,PEN,SLU-försök,LSL,1011,1.598
1202,220,PEN,SLU-försök,LSL,1011,1.616
1203,203,PEN,SLU-försök,LSL,1011,1.692
1204,273,PEN,SLU-försök,LSL,1011,1.786
1206,198,PEN,SLU-försök,LSL,1011,1.825
1207,NA,PEN,SLU-försök,LSL,1011,1.643
1208,193,PEN,SLU-försök,LSL,1011,1.536
1209,277,PEN,SLU-försök,LSL,1011,1.951
1211,317,PEN,SLU-försök,LSL,1011,2.071
1213,206,PEN,SLU-försök,LSL,1011,1.738
1214,213,PEN,SLU-försök,LSL,1011,1.682
1216,344,PEN,SLU-försök,LSL,1011,1.758
1217,306,PEN,SLU-försök,LSL,1011,2.03
1219,171,PEN,SLU-försök,LSL,1011,1.907
1220,217,PEN,SLU-försök,LSL,1011,2.094
1221,206,PEN,SLU-kontroll,Bovans,1012,1.866
1222,202,PEN,SLU-kontroll,Bovans,1012,1.691
1223,192,PEN,SLU-kontroll,Bovans,1012,1.92
1224,151,PEN,SLU-kontroll,Bovans,1012,1.738
1225,227,PEN,SLU-kontroll,Bovans,1012,2.175
1226,142,PEN,SLU-kontroll,Bovans,1012,1.764
1229,205,PEN,SLU-kontroll,Bovans,1012,1.811
1230,163,PEN,SLU-kontroll,Bovans,1012,1.794
1231,245,PEN,SLU-kontroll,Bovans,1012,1.821
1232,315,PEN,SLU-kontroll,Bovans,1012,2.108
1234,271,PEN,SLU-kontroll,Bovans,1012,2.019
1235,320,PEN,SLU-kontroll,Bovans,1012,1.798
1236,197,PEN,SLU-kontroll,Bovans,1012,1.9
1237,136,PEN,SLU-kontroll,Bovans,1012,1.658
1238,NA,PEN,SLU-kontroll,Bovans,1012,1.788
1239,NA,NA,NA,NA,NA,NA
1241,NA,PEN,SLU-försök,Bovans,1013,1.742
1242,140,PEN,SLU-försök,Bovans,1013,1.9
1243,NA,PEN,SLU-försök,Bovans,1013,1.876
1244,137,PEN,SLU-försök,Bovans,1013,1.769
1245,251,PEN,SLU-försök,Bovans,1013,1.927
1246,255,PEN,SLU-försök,Bovans,1013,1.867
1247,185,PEN,SLU-försök,Bovans,1013,2.169
1248,202,PEN,SLU-försök,Bovans,1013,1.95
1249,195,PEN,SLU-försök,Bovans,1013,2.01
1250,198,PEN,SLU-försök,Bovans,1013,1.655
1251,288,PEN,SLU-försök,Bovans,1013,2.065
1252,157,PEN,SLU-försök,Bovans,1013,1.792
1254,206,PEN,SLU-försök,Bovans,1013,1.858
1256,293,PEN,SLU-försök,Bovans,1013,1.772
1257,242,PEN,SLU-försök,Bovans,1013,2.089
1258,181,PEN,SLU-försök,Bovans,1013,1.949
1260,226,PEN,SLU-försök,Bovans,1013,1.887
1261,215,PEN,SLU-kontroll,Bovans,1014,1.906
1262,211,PEN,SLU-kontroll,Bovans,1014,1.728
1263,140,PEN,SLU-kontroll,Bovans,1014,1.982
1264,193,PEN,SLU-kontroll,Bovans,1014,1.919
1265,201,PEN,SLU-kontroll,Bovans,1014,1.977
1267,184,PEN,SLU-kontroll,Bovans,1014,1.741
1269,NA,PEN,SLU-kontroll,Bovans,1014,1.632
1270,134,PEN,SLU-kontroll,Bovans,1014,1.703
1271,269,PEN,SLU-kontroll,Bovans,1014,2.073
1273,143,PEN,SLU-kontroll,Bovans,1014,1.498
1274,187,PEN,SLU-kontroll,Bovans,1014,1.807
1275,165,PEN,SLU-kontroll,Bovans,1014,1.709
1276,221,PEN,SLU-kontroll,Bovans,1014,2.069
1277,234,PEN,SLU-kontroll,Bovans,1014,1.676
1278,253,PEN,SLU-kontroll,Bovans,1014,1.87
1279,295,PEN,SLU-kontroll,Bovans,1014,2.622
1281,173,PEN,SLU-försök,LSL,1015,1.724
1282,175,PEN,SLU-försök,LSL,1015,1.785
1283,156,PEN,SLU-försök,LSL,1015,1.873
1286,172,PEN,SLU-försök,LSL,1015,1.841
1287,177,PEN,SLU-försök,LSL,1015,1.636
1288,192,PEN,SLU-försök,LSL,1015,2.224
1290,205,PEN,SLU-försök,LSL,1015,1.874
1291,141,PEN,SLU-försök,LSL,1015,1.73
1293,245,PEN,SLU-försök,LSL,1015,1.731
1294,218,PEN,SLU-försök,LSL,1015,1.878
1296,153,PEN,SLU-försök,LSL,1015,1.778
1298,224,PEN,SLU-försök,LSL,1015,1.704
1299,160,PEN,SLU-försök,LSL,1015,1.642
1300,210,PEN,SLU-försök,LSL,1015,1.698
1301,182,PEN,SLU-försök,Bovans,1016,2.18
1302,241,PEN,SLU-försök,Bovans,1016,1.823
1303,176,PEN,SLU-försök,Bovans,1016,2.184
1305,138,PEN,SLU-försök,Bovans,1016,1.712
1306,214,PEN,SLU-försök,Bovans,1016,1.884
1307,179,PEN,SLU-försök,Bovans,1016,2.235
1308,129,PEN,SLU-försök,Bovans,1016,2.045
1309,172,PEN,SLU-försök,Bovans,1016,1.887
1310,255,PEN,SLU-försök,Bovans,1016,1.754
1311,168,PEN,SLU-försök,Bovans,1016,1.702
1312,306,PEN,SLU-försök,Bovans,1016,2.189
1313,139,PEN,SLU-försök,Bovans,1016,1.761
1314,256,PEN,SLU-försök,Bovans,1016,2.51
1315,214,PEN,SLU-försök,Bovans,1016,1.723
1316,262,PEN,SLU-försök,Bovans,1016,1.642
1317,177,PEN,SLU-försök,Bovans,1016,1.714
1318,243,PEN,SLU-försök,Bovans,1016,1.979
1319,251,PEN,SLU-försök,Bovans,1016,1.961
1321,137,PEN,SLU-kontroll,LSL,1017,1.646
1322,205,PEN,SLU-kontroll,LSL,1017,1.763
1323,184,PEN,SLU-kontroll,LSL,1017,1.778
1324,195,PEN,SLU-kontroll,LSL,1017,1.753
1325,185,PEN,SLU-kontroll,LSL,1017,1.736
1326,238,PEN,SLU-kontroll,LSL,1017,2.413
1327,171,PEN,SLU-kontroll,LSL,1017,1.827
1330,230,PEN,SLU-kontroll,LSL,1017,2.393
1332,179,PEN,SLU-kontroll,LSL,1017,1.71
1334,133,PEN,SLU-kontroll,LSL,1017,1.871
1336,203,PEN,SLU-kontroll,LSL,1017,2.096
1337,190,PEN,SLU-kontroll,LSL,1017,2.082
1341,211,PEN,SLU-kontroll,Bovans,1018,2.596
1342,182,PEN,SLU-kontroll,Bovans,1018,1.881
1343,161,PEN,SLU-kontroll,Bovans,1018,1.68
1344,156,PEN,SLU-kontroll,Bovans,1018,1.977
1345,179,PEN,SLU-kontroll,Bovans,1018,1.908
1346,162,PEN,SLU-kontroll,Bovans,1018,1.767
1347,234,PEN,SLU-kontroll,Bovans,1018,2.266
1348,210,PEN,SLU-kontroll,Bovans,1018,1.741
1349,256,PEN,SLU-kontroll,Bovans,1018,1.8
1351,227,PEN,SLU-kontroll,Bovans,1018,2.119
1352,203,PEN,SLU-kontroll,Bovans,1018,2.13
1354,208,PEN,SLU-kontroll,Bovans,1018,1.937
1355,211,PEN,SLU-kontroll,Bovans,1018,2.013
1356,337,PEN,SLU-kontroll,Bovans,1018,1.916
1359,155,PEN,SLU-kontroll,Bovans,1018,1.765
1360,369,PEN,SLU-kontroll,Bovans,1018,1.921
1361,202,PEN,SLU-försök,LSL,1001,1.804
1362,283,PEN,SLU-försök,LSL,1001,1.752
1364,181,PEN,SLU-försök,LSL,1001,1.753
1365,211,PEN,SLU-försök,LSL,1001,1.741
1366,217,PEN,SLU-försök,LSL,1001,1.872
1370,219,PEN,SLU-försök,LSL,1001,1.882
1371,188,PEN,SLU-försök,LSL,1001,1.876
1372,202,PEN,SLU-försök,LSL,1001,1.59
1373,214,PEN,SLU-försök,Bovans,1002,1.794
1374,204,PEN,SLU-försök,Bovans,1002,1.547
1375,315,PEN,SLU-försök,Bovans,1002,1.918
1379,NA,PEN,SLU-försök,Bovans,1002,2.189
1381,200,PEN,SLU-försök,Bovans,1002,2.27
1382,154,PEN,SLU-försök,Bovans,1002,1.751
1383,281,NA,NA,NA,NA,NA
1386,183,PEN,SLU-försök,Bovans,1002,1.557
1387,NA,PEN,SLU-försök,Bovans,1002,2.199
1389,149,PEN,SLU-kontroll,Bovans,1003,1.746
1390,225,PEN,SLU-kontroll,Bovans,1003,1.58
1391,372,PEN,SLU-kontroll,Bovans,1003,2.08
1393,159,PEN,SLU-kontroll,Bovans,1003,1.848
1394,192,PEN,SLU-kontroll,Bovans,1003,1.933
1395,157,PEN,SLU-kontroll,Bovans,1003,2.006
1397,183,PEN,SLU-kontroll,Bovans,1003,1.973
1398,234,PEN,SLU-kontroll,Bovans,1003,1.955
1399,188,PEN,SLU-kontroll,Bovans,1003,1.93
1400,181,PEN,SLU-kontroll,Bovans,1003,1.728
1401,172,PEN,SLU-kontroll,Bovans,1003,2.071
1402,221,PEN,SLU-kontroll,Bovans,1003,1.937
1403,128,PEN,SLU-kontroll,LSL,1004,1.521
1405,179,PEN,SLU-kontroll,LSL,1004,1.987
1406,163,PEN,SLU-kontroll,LSL,1004,2.115
1407,220,PEN,SLU-kontroll,LSL,1004,1.844
1410,196,PEN,SLU-kontroll,LSL,1004,1.95
1411,222,PEN,SLU-kontroll,LSL,1004,1.872
1412,189,PEN,SLU-kontroll,LSL,1004,1.757
1415,203,PEN,SLU-försök,LSL,1005,1.952
1416,185,PEN,SLU-försök,LSL,1005,1.969
1418,176,PEN,SLU-försök,LSL,1005,1.981
1419,195,PEN,SLU-försök,LSL,1005,1.526
1420,167,PEN,SLU-försök,LSL,1005,2.079
1421,183,PEN,SLU-försök,LSL,1005,1.941
1422,160,PEN,SLU-försök,LSL,1005,1.729
1423,239,PEN,SLU-försök,LSL,1005,1.886
1424,204,PEN,SLU-försök,LSL,1005,2.001
1425,201,PEN,SLU-försök,LSL,1005,1.677
1427,186,PEN,SLU-försök,Bovans,1006,1.716
1428,203,PEN,SLU-försök,Bovans,1006,1.708
1429,155,PEN,SLU-försök,Bovans,1006,1.697
1431,190,PEN,SLU-försök,Bovans,1006,1.7
1433,169,PEN,SLU-försök,Bovans,1006,1.564
1434,357,PEN,SLU-försök,Bovans,1006,2.078
1435,349,PEN,SLU-försök,Bovans,1006,1.901
1438,196,PEN,SLU-försök,Bovans,1006,1.909
1439,187,PEN,SLU-försök,Bovans,1006,1.728
1440,181,PEN,SLU-försök,Bovans,1006,1.622
1441,283,PEN,SLU-försök,Bovans,1006,1.989
1443,225,PEN,SLU-försök,LSL,1007,1.877
1444,192,PEN,SLU-försök,LSL,1007,1.874
1445,181,PEN,SLU-försök,LSL,1007,1.729
1446,199,PEN,SLU-försök,LSL,1007,1.814
1447,221,PEN,SLU-försök,LSL,1007,1.675
1448,179,PEN,SLU-försök,LSL,1007,1.799
1451,203,PEN,SLU-försök,LSL,1007,1.802
1452,227,PEN,SLU-försök,LSL,1007,1.898
1453,194,PEN,SLU-försök,LSL,1007,1.967
1454,197,PEN,SLU-försök,LSL,1007,1.749
1456,202,PEN,SLU-försök,LSL,1007,1.702
1459,324,PEN,SLU-kontroll,LSL,1008,1.72
1460,260,PEN,SLU-kontroll,LSL,1008,1.857
1461,270,PEN,SLU-kontroll,LSL,1008,2.155
1462,222,PEN,SLU-kontroll,LSL,1008,1.65
1463,197,PEN,SLU-kontroll,LSL,1008,1.997
1466,182,PEN,SLU-kontroll,LSL,1008,1.866
1467,218,PEN,SLU-kontroll,LSL,1008,1.955
1468,176,PEN,SLU-kontroll,LSL,1008,1.862
1469,134,PEN,SLU-kontroll,LSL,1008,1.74
1470,NA,PEN,SLU-kontroll,LSL,1008,1.99
1471,152,PEN,SLU-kontroll,LSL,1008,1.633
1473,142,PEN,SLU-kontroll,LSL,1008,1.589
1474,257,PEN,SLU-kontroll,Bovans,1009,2.023
1476,213,PEN,SLU-kontroll,Bovans,1009,1.913
1477,188,PEN,SLU-kontroll,Bovans,1009,1.865
1483,185,PEN,SLU-kontroll,Bovans,1009,1.899
1484,173,PEN,SLU-kontroll,Bovans,1009,2.023
1485,170,PEN,SLU-kontroll,Bovans,1009,1.865
1486,173,PEN,SLU-kontroll,Bovans,1009,1.887
1487,210,PEN,SLU-kontroll,LSL,1010,1.759
1488,191,PEN,SLU-kontroll,LSL,1010,1.885
1489,130,PEN,SLU-kontroll,LSL,1010,1.656
1490,272,PEN,SLU-kontroll,LSL,1010,1.746
1491,157,PEN,SLU-kontroll,LSL,1010,1.839
1492,250,PEN,SLU-kontroll,LSL,1010,2.019
1493,174,PEN,SLU-kontroll,LSL,1010,1.741
1494,260,PEN,SLU-kontroll,LSL,1010,2.203
1495,182,PEN,SLU-kontroll,LSL,1010,1.883
1496,182,PEN,SLU-kontroll,LSL,1010,2.039
1498,191,PEN,SLU-kontroll,LSL,1010,1.569
1499,231,PEN,SLU-kontroll,LSL,1010,2.085
1500,366,PEN,SLU-kontroll,LSL,1010,1.848
1501,194,PEN,SLU-försök,LSL,1011,1.664
1503,238,PEN,SLU-försök,LSL,1011,1.706
1504,221,PEN,SLU-försök,LSL,1011,1.908
1505,170,PEN,SLU-försök,LSL,1011,1.792
1506,203,PEN,SLU-försök,LSL,1011,1.961
1507,202,PEN,SLU-försök,LSL,1011,1.949
1510,467,PEN,SLU-försök,LSL,1011,2.106
1511,203,PEN,SLU-försök,LSL,1011,2.245
1512,266,PEN,SLU-försök,LSL,1011,2.127
1514,NA,PEN,SLU-kontroll,Bovans,1012,2.128
1515,NA,PEN,SLU-kontroll,Bovans,1012,1.634
1516,168,PEN,SLU-kontroll,Bovans,1012,1.865
1517,228,PEN,SLU-kontroll,Bovans,1012,1.935
1518,214,PEN,SLU-kontroll,Bovans,1012,1.716
1522,154,PEN,SLU-kontroll,Bovans,1012,2
1524,178,PEN,SLU-kontroll,Bovans,1012,1.786
1526,109,PEN,SLU-kontroll,Bovans,1012,1.646
1527,202,PEN,SLU-försök,Bovans,1013,1.612
1528,169,PEN,SLU-försök,Bovans,1013,1.739
1529,214,PEN,SLU-försök,Bovans,1013,1.852
1530,173,PEN,SLU-försök,Bovans,1013,1.655
1531,188,PEN,SLU-försök,Bovans,1013,1.907
1532,229,PEN,SLU-försök,Bovans,1013,2.01
1533,180,PEN,SLU-försök,Bovans,1013,2.023
1534,211,PEN,SLU-försök,Bovans,1013,1.838
1535,265,PEN,SLU-försök,Bovans,1013,1.602
1536,331,PEN,SLU-försök,Bovans,1013,1.911
1537,140,PEN,SLU-försök,Bovans,1013,1.502
1538,227,PEN,SLU-kontroll,Bovans,1014,2.053
1539,194,PEN,SLU-kontroll,Bovans,1014,2.175
1540,146,PEN,SLU-kontroll,Bovans,1014,1.963
1541,157,PEN,SLU-kontroll,Bovans,1014,1.999
1542,NA,PEN,SLU-kontroll,Bovans,1014,2.059
1543,131,PEN,SLU-kontroll,Bovans,1014,2.341
1544,179,PEN,SLU-kontroll,Bovans,1014,1.788
1545,337,PEN,SLU-kontroll,Bovans,1014,1.799
1546,144,PEN,SLU-kontroll,Bovans,1014,1.899
1547,213,PEN,SLU-kontroll,Bovans,1014,2.539
1548,NA,PEN,SLU-kontroll,Bovans,1014,1.981
1550,208,PEN,SLU-försök,LSL,1015,1.734
1552,NA,PEN,SLU-försök,LSL,1015,1.978
1555,188,PEN,SLU-försök,LSL,1015,1.841
1556,184,PEN,SLU-försök,LSL,1015,1.643
1558,183,PEN,SLU-försök,LSL,1015,1.996
1559,190,PEN,SLU-försök,LSL,1015,1.912
1560,126,PEN,SLU-försök,LSL,1015,1.634
1562,NA,PEN,SLU-försök,LSL,1015,1.479
1564,410,PEN,SLU-försök,Bovans,1016,1.965
1565,206,PEN,SLU-försök,Bovans,1016,2.008
1567,179,PEN,SLU-försök,Bovans,1016,1.905
1569,248,PEN,SLU-försök,Bovans,1016,2.282
1572,182,PEN,SLU-försök,Bovans,1016,1.72
1573,230,PEN,SLU-försök,Bovans,1016,1.745
1574,400,PEN,SLU-försök,Bovans,1016,1.893
1575,196,PEN,SLU-kontroll,LSL,1017,2.222
1576,189,PEN,SLU-kontroll,LSL,1017,1.597
1577,215,PEN,SLU-kontroll,LSL,1017,1.966
1578,248,PEN,SLU-kontroll,LSL,1017,2.308
1579,173,PEN,SLU-kontroll,LSL,1017,1.943
1580,202,PEN,SLU-kontroll,LSL,1017,1.975
1581,172,PEN,SLU-kontroll,LSL,1017,1.906
1582,181,PEN,SLU-kontroll,LSL,1017,1.717
1584,150,PEN,SLU-kontroll,LSL,1017,1.589
1585,154,PEN,SLU-kontroll,LSL,1017,1.629
1586,223,PEN,SLU-kontroll,LSL,1017,1.747
1587,249,PEN,SLU-kontroll,LSL,1017,1.949
1588,206,PEN,SLU-kontroll,LSL,1017,1.869
1589,251,PEN,SLU-kontroll,LSL,1017,1.7
1590,240,PEN,SLU-kontroll,LSL,1017,1.936
1591,200,PEN,SLU-kontroll,Bovans,1018,1.932
1592,390,PEN,SLU-kontroll,Bovans,1018,1.98
1595,214,PEN,SLU-kontroll,Bovans,1018,1.913
1596,422,PEN,SLU-kontroll,Bovans,1018,2.222
1597,236,PEN,SLU-kontroll,Bovans,1018,1.983
1600,338,PEN,SLU-kontroll,Bovans,1018,1.789
1602,198,PEN,SLU-kontroll,Bovans,1018,1.791
1603,267,PEN,SLU-försök,Bovans,1002,2.427
1605,230,PEN,SLU-försök,Bovans,1002,1.947
1606,297,PEN,SLU-försök,Bovans,1002,2.022
1607,180,PEN,SLU-försök,Bovans,1002,1.915
1608,188,PEN,SLU-försök,Bovans,1002,1.863
1609,174,PEN,SLU-försök,LSL,1007,1.762
1610,206,PEN,SLU-försök,LSL,1007,1.943
1611,NA,PEN,SLU-försök,LSL,1007,1.8
1612,229,PEN,SLU-försök,LSL,1007,2.284
1613,224,PEN,SLU-kontroll,Bovans,1009,1.95
1614,207,PEN,SLU-kontroll,Bovans,1009,1.656
1615,213,PEN,SLU-kontroll,Bovans,1009,2.02
1616,254,PEN,SLU-kontroll,Bovans,1009,2.189
1617,237,PEN,SLU-kontroll,Bovans,1012,1.913
1618,243,PEN,SLU-kontroll,Bovans,1012,1.892
1619,324,PEN,SLU-kontroll,Bovans,1012,2.194
1622,137,PEN,SLU-försök,LSL,1015,2.052
1624,214,PEN,SLU-försök,LSL,1015,2.189
1625,218,PEN,SLU-kontroll,Bovans,1018,1.903
1627,232,PEN,SLU-kontroll,Bovans,1018,2.273
1628,231,PEN,SLU-kontroll,Bovans,1018,1.85
NA,NA,NA,NA,NA,NA,NA
NA,NA,NA,NA,NA,NA,NA
NA,NA,NA,NA,NA,NA,NA
